-1.149247670280163192e+01,-6.979033672593965676e+00,1.945728742827859747e+01,4.647787297997996347e+01,2.246270015445859514e+01
-1.225863683662884895e+01,-6.056516579534834577e+00,1.720720610459719069e+01,4.207842986610098990e+01,2.164647612168225876e+01
-1.345668477495877013e+01,-5.387468188561490123e+00,1.457725947948444656e+01,3.610083419456113063e+01,2.005090953628472050e+01
-1.406101773881465888e+01,-5.015861154768670005e+00,1.214220572718841851e+01,2.978221188571449574e+01,1.916168672370311299e+01
-1.488041425455587685e+01,-5.260674536430320458e+00,8.993278128193191279e+00,2.330892247474459822e+01,1.855663199210032488e+01
-1.624847581889240544e+01,-5.233124704121195236e+00,7.362380110575372782e+00,2.092925746787845753e+01,1.778903806215886618e+01
-1.693398151262931606e+01,-5.133783228126448606e+00,4.919938776888006515e+00,1.865832945013540467e+01,1.772106114786082998e+01
-1.759551124232450547e+01,-4.066611652033904178e+00,4.729967695577130371e+00,1.940851253712732927e+01,1.799456410508943449e+01
-1.766853700839736163e+01,-3.812928006055136265e+00,3.951102099237772336e+00,1.613417255399798123e+01,1.930234535763187864e+01
-1.755415881717033599e+01,-3.518892897803999276e+00,3.964187868756862798e+00,1.411303158607005948e+01,2.105167242599811317e+01
-1.609516277662688921e+01,-4.475852807105805908e+00,4.394791051468637022e+00,1.246293911601383186e+01,2.315696106912011842e+01
-1.515149522984389208e+01,-4.154772814000294190e+00,5.765842631977847077e+00,1.339707544037616316e+01,2.421835006302002569e+01
-1.352685951619000448e+01,-4.584681050319405315e+00,7.374744912729525481e+00,1.642772232075657612e+01,2.529484969978894782e+01
-1.185677049900948177e+01,-4.338306861179377805e+00,8.828065861089136490e+00,1.992508351495421337e+01,2.661736324395918274e+01
-9.604548709704026521e+00,-4.702407315825016809e+00,1.138480890979451488e+01,1.849581273591272890e+01,2.766423088958688936e+01
-7.813964978562212060e+00,-4.818905064081945966e+00,1.444837529668176401e+01,1.628734276853458240e+01,2.874167169251883536e+01
-5.644536672937197075e+00,-5.696369078732839597e+00,1.717591511560920736e+01,1.750621935050786249e+01,2.969592302630834979e+01
-4.141105221334361985e+00,-5.279521942888793617e+00,1.822823100369126337e+01,1.414298867865122844e+01,3.084179988546229367e+01
-4.156384348915864280e+00,-4.240421403597082417e+00,2.020543495234226583e+01,1.277496978418151841e+01,3.169869275177178736e+01
-4.186265743846918852e+00,-3.558121037261944508e+00,2.369660522074110531e+01,1.399199534689605429e+01,3.154101142250680923e+01
-5.516346982345240235e+00,-4.492231410104608358e+00,2.670007201769004013e+01,1.370095860283901956e+01,3.127404040694655407e+01
-5.861686499876086032e+00,-4.155827682467368334e+00,3.002529433823790939e+01,1.484595354069716855e+01,3.013859593858425256e+01
-6.469425154191108973e+00,-2.293049550675115178e+00,3.276897824768509793e+01,1.378414094501222209e+01,2.892656350925229347e+01
-7.741026088257628501e+00,1.433539260586117692e+00,3.165353511283695909e+01,1.332459260366544740e+01,2.965666082398928083e+01
-9.310342039519900581e+00,3.617226485836360084e+00,3.120044832279566904e+01,1.090132900385718173e+01,2.881600241310174937e+01
-1.037488896161966245e+01,5.987731718577269824e+00,3.252710790001222563e+01,1.172556250135893130e+01,2.751525787291604530e+01
-1.121927089505228103e+01,7.521212147187102737e+00,3.530603722828761448e+01,1.348708368873027652e+01,2.619945960146799990e+01
-1.046111616945863787e+01,1.012769597287620549e+01,3.721551383198587359e+01,1.255221838506266252e+01,2.738062303867543434e+01
-9.960894350147770027e+00,1.219840905551477128e+01,3.895413443947126098e+01,1.394829192748268731e+01,2.866117170126075564e+01
-8.598451355937736906e+00,1.360378755967713893e+01,4.200571730699461170e+01,1.463304167656230348e+01,3.004150058658995448e+01
-8.162618504274547604e+00,1.336823214300114238e+01,4.347965237460554278e+01,1.495472831003978520e+01,3.131606053767897890e+01
-7.309422118756579323e+00,1.238829938028635880e+01,4.478456652906707802e+01,1.304461960388150743e+01,3.251776969204920675e+01
-7.253198685314085736e+00,1.063347668080379016e+01,4.458444856239120213e+01,1.255770839425830587e+01,3.256751413108575122e+01
-7.457273855986100486e+00,1.066662039127003325e+01,4.155768043638705933e+01,1.133541677067226594e+01,3.284987977683000793e+01
-8.756519869211496498e+00,1.080172573372930955e+01,3.792036686209036134e+01,1.230288487007263676e+01,3.250071033608559645e+01
-8.999881906216147698e+00,9.388806286201329954e+00,3.634937317450382466e+01,1.400681664328556764e+01,3.162166232414580946e+01
-9.720220095544192418e+00,8.684277841598255776e+00,3.428920910028180202e+01,1.446227171402007983e+01,3.137243266400601982e+01
-1.119982837083978566e+01,7.514114893270352979e+00,3.135372421005641996e+01,1.782493895410850371e+01,3.100357726811175496e+01
-1.176710833927130651e+01,6.082444248384655694e+00,2.918036560354595466e+01,1.993052778578395134e+01,3.040883518124446638e+01
-1.277113184539794943e+01,4.780889337749418821e+00,2.710359513337430215e+01,2.230956026026406747e+01,2.970526425060283771e+01
-1.313933489564905344e+01,4.517473282978427207e+00,2.491744352699726761e+01,2.298777993397742136e+01,2.951253934757134090e+01
-1.346722976796836591e+01,2.689805690256704906e+00,2.248278047852074479e+01,3.008244466381546189e+01,2.890354452295426313e+01
-1.250543917200371880e+01,3.405887448340916279e-01,2.107065099822575505e+01,2.735078761197672748e+01,2.866287428555021677e+01
-1.282212239734111492e+01,9.905028730046399055e-01,1.950077122398679563e+01,3.192711611215064593e+01,2.814576043738112787e+01
-1.318642157505544432e+01,7.312743077903913758e-01,1.821686286729877224e+01,3.235613697821746371e+01,2.734133178426060340e+01
-1.470000349841700782e+01,-3.306170408473096956e-02,1.710210059834593466e+01,3.712399794389648378e+01,2.615356708651519568e+01
-1.572466750175341943e+01,-8.217299283790406861e-01,1.711560997545269913e+01,3.908590687909659778e+01,2.468943194638985972e+01
-1.675843059858192419e+01,-1.256108162182724364e+00,1.712861524124304324e+01,3.930654978052811543e+01,2.292137749966714111e+01
-1.752595534063806682e+01,-1.838677894036831795e+00,1.516799691448622056e+01,4.113563336379134228e+01,2.219787125073249001e+01
-1.803067247955940999e+01,-1.173906420765641556e+00,1.478010062932042956e+01,4.198677580453641411e+01,2.115683918209630576e+01
-1.868170074644783085e+01,-1.730071745543876105e+00,1.351073079365947827e+01,4.214718035727567269e+01,1.940148676616101397e+01
-2.011007571491142443e+01,-2.156366389978410680e+00,1.167449010690693711e+01,4.154706571785445135e+01,1.837409211026769640e+01
-2.064134556685061028e+01,-2.501975414571210976e+00,1.016276301845035235e+01,3.633308358033833940e+01,1.787457540886464713e+01
-2.148115706325640062e+01,-3.251346252736651010e+00,8.550614760376008761e+00,3.080993720549863113e+01,1.769781871940167051e+01
-2.172950760774628165e+01,-2.781653735021219376e+00,6.492548475650718132e+00,2.512970272679548955e+01,1.792499612383370078e+01
-2.238199997012525699e+01,-2.822949283232214057e+00,5.509074766830607928e+00,2.214775721662264729e+01,1.777154425883292888e+01
-2.229726697181899553e+01,-3.120229352916039645e+00,5.074305946244461296e+00,2.069973691589764897e+01,1.791211982020385207e+01
-2.227961144532551074e+01,-2.341451557288523944e+00,4.393327481811958535e+00,1.996498772890738849e+01,1.819068418011993060e+01
-2.160176338666255802e+01,-2.476263672012891881e+00,4.193879318202601070e+00,1.973850527522506582e+01,1.890289096283337145e+01
-2.042061541368213540e+01,-2.590443273798443080e+00,4.224124776790358027e+00,1.869129392026805192e+01,1.949042087037890880e+01
-1.952263531345294112e+01,-2.248204794025483011e+00,5.914481828657931928e+00,1.859361352128752998e+01,1.997102762365178918e+01
-1.770499613283889673e+01,-2.614555290973943791e+00,6.519936308793608859e+00,1.715551616777707977e+01,2.142069319611811551e+01
-1.601883542227479040e+01,-2.561340978776665445e+00,7.818236070402338811e+00,1.517389705954300361e+01,2.307522942971593594e+01
-1.438405924090148602e+01,-2.855740970856434302e+00,1.007675321498163967e+01,1.326980078323334666e+01,2.435297031027148051e+01
-1.136452127202841567e+01,-3.410307963979250623e+00,1.306597977275447953e+01,1.430676029399919358e+01,2.517949908831380412e+01
-8.693387565034257136e+00,-3.179408249614648518e+00,1.444803990001018690e+01,1.154450141248813821e+01,2.625550209746167596e+01
-5.782194649228787675e+00,-3.492446167159814152e+00,1.664183832154905218e+01,1.229114095922355432e+01,2.690526132352533395e+01
-4.193844109801443842e+00,-3.764318318298858657e+00,1.939651911871423096e+01,1.426523846693248032e+01,2.655925478788150684e+01
-2.120759928362857316e+00,-3.369732109126947428e+00,2.127793953244042768e+01,1.305611295347895506e+01,2.706006602391976301e+01
-9.637866570017683543e-01,-4.239955678835512387e+00,2.322162597992354804e+01,1.532932763680856070e+01,2.687034230505407351e+01
1.074005367040212100e+00,-4.123032779912287893e+00,2.518960253371636782e+01,1.349482214598845786e+01,2.731063065621226826e+01
6.845978240728500808e-01,-5.141074508647379915e+00,2.668032939706282747e+01,1.753661091894366919e+01,2.684243352807460070e+01
3.889375195583797407e-01,-4.578941596454638940e+00,2.873487748986224943e+01,2.003698083513462436e+01,2.634215632862259326e+01
3.677096434833488914e-01,-4.656310471850625632e+00,3.097579943601717645e+01,2.199543120653422790e+01,2.710502845332799993e+01
1.607984925119409603e+00,-5.604913170686304014e+00,3.367898843265598430e+01,2.283598746059276507e+01,2.854314338972297449e+01
3.285011050814952149e+00,-5.066607808495236398e+00,3.722870415191557925e+01,2.554215052723917267e+01,2.944490846292582020e+01
4.137689776519002827e+00,-4.185756820795647926e+00,3.957970534387501971e+01,2.913100247186217118e+01,3.017586123324719694e+01
4.662177155496164183e+00,-4.170068517980199729e+00,4.106638044705064772e+01,3.173001151696185218e+01,3.090608704477636337e+01
5.464599064823990382e+00,-3.470236941683259246e+00,4.418563865605247543e+01,3.323580079450940161e+01,3.182473600644467027e+01
4.799637830063830712e+00,-3.736451454155149676e+00,4.497288604693411429e+01,3.470029229331213827e+01,3.254255050693644336e+01
5.563551514895503480e+00,-3.664936831861703936e+00,4.564108515832668189e+01,3.294771284803562850e+01,3.387563165715000935e+01
5.733752475084201272e+00,-3.697984184463219748e+00,4.434542791190629885e+01,3.070675875136149102e+01,3.501688170128183231e+01
4.108344566233877337e+00,-3.375480388244614716e+00,4.182071085268873389e+01,3.013758902126175343e+01,3.491261852229222029e+01
3.354667677948580895e+00,-3.369672072400147655e+00,3.894002609011833727e+01,2.963600293715693113e+01,3.510715015011849971e+01
2.003599554540387295e+00,-3.957290677383701549e+00,3.611985786064096260e+01,3.052907668038137246e+01,3.424419557330310937e+01
6.495099949968485831e-01,-4.072394093708165741e+00,3.251336833575556540e+01,3.011790514693299770e+01,3.321444666206443230e+01
-1.042803841935824316e+00,-3.702057001043353779e+00,2.963249816804193415e+01,3.096889860247760851e+01,3.234046045231953315e+01
-3.193395063189932159e+00,-3.628883555555637130e+00,2.620576862580236011e+01,3.029523274273088873e+01,3.191152823886460510e+01
-3.834467541725922857e+00,-4.293739449074490011e+00,2.415173900315297573e+01,2.983666316759725490e+01,3.078034672807346794e+01
-5.261600182304675855e+00,-4.318140636216009298e+00,2.223035922760442773e+01,2.839625336745377382e+01,2.914630023940280168e+01
-7.102545318765164595e+00,-5.928549680456688620e+00,2.055232595940539753e+01,2.960855950059993802e+01,2.738561493038772099e+01
-8.820185054709671846e+00,-5.429787765199064253e+00,1.881428382163917945e+01,3.139551074647339135e+01,2.544529201564928300e+01
-9.899016687529273995e+00,-4.963346731363767361e+00,1.770719001914532953e+01,3.168193215483182001e+01,2.363385462218843003e+01
-1.231561088495542222e+01,-3.880323260410944997e+00,1.649502522355544087e+01,3.200972750144831025e+01,2.093883190026880570e+01
-1.507173015271835226e+01,-3.759478512476414735e+00,1.436523981192657118e+01,3.109969129542717070e+01,1.838422157781434763e+01
-1.704532116980594836e+01,-3.230010278564398263e+00,1.108537566941892649e+01,2.597162704304065883e+01,1.770086391683960159e+01
-1.884497003662593784e+01,-2.112567357188417816e+00,9.419652484994980313e+00,2.493728695391078176e+01,1.715506529938787850e+01
-2.082102725045236369e+01,-2.164819105061207338e+00,7.377904803000330247e+00,2.399727217822657366e+01,1.666765778389389041e+01
-2.202834986885312318e+01,-2.191397703615083792e+00,6.299173822239167109e+00,2.401728970963073806e+01,1.624286238134941485e+01
-2.252304249274670411e+01,-2.348558207136408171e+00,5.208240730045737621e+00,2.276969946773916575e+01,1.671303620545722879e+01
-2.316788027414399664e+01,-2.415956380528825775e+00,3.757893261649225991e+00,2.022456769828898260e+01,1.769967093237215749e+01
-2.269192416901418596e+01,-3.516405962331340618e+00,4.387067773197653509e+00,2.357795920674816870e+01,1.793717920542822597e+01
-2.167345164040067829e+01,-3.188037291784307392e+00,5.643362007646981482e+00,2.737228313381801570e+01,1.824518262570273919e+01
-1.971783678899211978e+01,-2.873437074008530878e+00,6.448696919292597585e+00,2.897024482781532484e+01,1.900456736278151126e+01
-1.856044157410380890e+01,-4.613551255959928099e+00,6.788381247651203765e+00,2.930235890869190030e+01,1.959663291242008398e+01
-1.591443609798985293e+01,-5.195246601506534390e+00,8.595917095715030598e+00,2.376223916503719735e+01,2.075437827467413854e+01
-1.391643466610677748e+01,-5.781180549566419913e+00,7.692521283456931869e+00,2.108593995014295075e+01,2.152686527186499532e+01
-1.205985880030949886e+01,-3.822012738556137990e+00,8.758361178624527454e+00,1.533827651579804474e+01,2.205930894219261873e+01
-1.244908941410280967e+01,-3.668540608894170774e+00,9.205965794207212838e+00,1.451657895086198380e+01,2.091837978679631505e+01
-1.163145673866274166e+01,-2.269103380371113587e+00,1.128321185403064675e+01,1.019938874843164811e+01,2.126159389334916128e+01
-1.155689411646124931e+01,-1.777731290224440208e+00,1.215413345915772325e+01,1.027979533143609814e+01,2.136342682972029294e+01
-1.020222790477922103e+01,-3.257390798504120610e-01,1.551092386114220290e+01,8.975344573742788157e+00,2.140880211615320405e+01
-7.903747259939873260e+00,1.438892880834772736e+00,1.739382180276662027e+01,3.628586987030349320e+00,2.262079754837335344e+01
-6.258395876236721556e+00,2.500713020462628222e+00,1.987498682041650966e+01,1.337434671521350538e+00,2.383828707277943693e+01
-5.112896317449859396e+00,4.235459624838007642e+00,2.344638543983646173e+01,1.453545717865505793e+00,2.430038538057096531e+01
-3.147346375833500964e+00,4.865314787790012474e+00,2.747384632859819575e+01,-1.989912554228361330e-01,2.548378695741469002e+01
7.617306802008743105e-01,4.275564580721814778e+00,3.085369851532566443e+01,-2.030168923773274514e+00,2.615862016302475013e+01
2.499532730765596789e+00,6.386125753295431196e+00,3.429403565601960224e+01,-3.172994670467989664e+00,2.630329746299634408e+01
3.731269827625102842e+00,6.939324845707062650e+00,3.601720118453565078e+01,7.416262123703525333e-01,2.661821600553138012e+01
6.015575226090997596e+00,7.443019606221328743e+00,3.801662274428177568e+01,3.141785671985832806e+00,2.808785833402452425e+01
7.703899686276955983e+00,6.195646515382257746e+00,3.827412375683984180e+01,5.735930280797912673e+00,2.936139515420486035e+01
1.011645489674079812e+01,4.843323623531496480e+00,4.022975741884540923e+01,9.655607009784295869e+00,2.989749674120901801e+01
1.118944209091574749e+01,3.725923310282683421e+00,4.067352220263223472e+01,1.165951484361468538e+01,2.993511457146898636e+01
1.226710500346541721e+01,3.215553465440418091e+00,3.937680726558579636e+01,1.356141249120994452e+01,3.028674081629997872e+01
1.214946055206883813e+01,1.332743544240517775e+00,3.810228050410798062e+01,1.499652080780371044e+01,2.991864899246110099e+01
1.146616148158163639e+01,7.666485087741956583e-01,3.545515109167870094e+01,1.510383711794314010e+01,3.023716386177361670e+01
1.174408802565494625e+01,-7.272815947009743098e-01,3.435051485411801764e+01,1.580175412309411520e+01,3.040215319485104573e+01
1.141702088092284839e+01,-1.805831921272558205e+00,3.236415396142032819e+01,1.703589183818750996e+01,3.066956655162675105e+01
9.120396022432235128e+00,-3.527887985464397858e+00,3.034566023277793789e+01,1.988395433234671472e+01,2.988009304521178677e+01
6.951816645881646828e+00,-3.425639674951796110e+00,2.787812688315165843e+01,2.051316710940767152e+01,2.961743250301843489e+01
6.047493097081249935e+00,-4.258337855778462355e+00,2.524018040241957905e+01,2.075138434523305619e+01,2.966089678605559854e+01
3.159910077956049612e+00,-5.196583789469475079e+00,2.396637130890589873e+01,2.304463491416032639e+01,2.801249725623378595e+01
1.796379800611609845e+00,-5.202548928183993837e+00,2.205609899872149171e+01,2.215530757390873262e+01,2.776208945086204238e+01
3.472473572248100382e-01,-7.066684602086654721e+00,2.120690213459207030e+01,2.328934308273023035e+01,2.651328242855637285e+01
-1.689751414030649990e+00,-6.742661424613304533e+00,1.890845492389557592e+01,2.702354969589992351e+01,2.563633557999341406e+01
-3.818455707710775915e+00,-7.479945429860860528e+00,1.648999613717041512e+01,2.893413871740566634e+01,2.470482212857073634e+01
-5.841437960203171187e+00,-7.097533482036666896e+00,1.593201966932362623e+01,3.089181954372939032e+01,2.397031844028121839e+01
-7.523240997150915987e+00,-7.057160735337843604e+00,1.398340083019236602e+01,2.818091539008803892e+01,2.428503268650477409e+01
-8.765492127114088206e+00,-7.337159761087709953e+00,1.295743352860916708e+01,2.304354255022851206e+01,2.443899992152000422e+01
-9.373650339638320617e+00,-7.533308109286142695e+00,1.169910474617004148e+01,2.050303883447373821e+01,2.391406047116214850e+01
-9.774432665654282815e+00,-5.930101133303770311e+00,1.086349456714462747e+01,1.742732906351295696e+01,2.394772329093818897e+01
-1.089547051371879682e+01,-5.455068139834454044e+00,1.014160245370420022e+01,1.670758520096164901e+01,2.340647371759417794e+01
-1.121551640080917167e+01,-4.428807567105058851e+00,9.473325151786987419e+00,1.195354632168780284e+01,2.326900901582099124e+01
-1.167094913360393349e+01,-3.383043236569166723e+00,1.084265664695642606e+01,9.781587422772364704e+00,2.235874848610392363e+01
-1.181763340490157965e+01,-7.187594243500727842e-01,1.149916023100517926e+01,7.105573926499401338e+00,2.297274707076905997e+01
-1.261518832370513010e+01,-2.676586120739177233e-02,1.345803030979303827e+01,6.171581615195833592e+00,2.315353906760854130e+01
-1.282462285006376490e+01,2.120299895609534691e+00,1.325487197201008094e+01,8.146291434276042409e+00,2.328788289895073049e+01
-1.277240999918918618e+01,3.961568593158510510e+00,1.413004638346214570e+01,3.126638877543214790e+00,2.587083400059507454e+01
-1.222085707215909167e+01,3.889785526696651896e+00,1.728887173153135137e+01,5.341681144770099365e+00,2.645136913394041045e+01
-1.090128904025987566e+01,5.090303592588082182e+00,1.898398797365036472e+01,2.090834003012151499e+00,2.802810320684011103e+01
-8.304134055435042683e+00,4.461699839301640935e+00,2.252147714002377299e+01,1.574601673691052639e+00,2.819236454519051094e+01
-5.982697960392851400e+00,5.449922751837346091e+00,2.462901663907504357e+01,1.020257880905102610e+00,2.835204052928105511e+01
-4.027832947129426522e+00,6.765053636006988391e+00,2.726790749442367101e+01,-5.886978778103113541e-02,2.854770779181719575e+01
-1.859462018610028800e+00,7.398761668788172763e+00,2.851149674302753922e+01,-8.192266396117737770e-01,2.922505621659229291e+01
6.195997638951400432e-02,8.009486874098058706e+00,3.083012640294019135e+01,5.102954235524137516e-02,2.933812963183272160e+01
1.866920500550597772e+00,6.862617790613380286e+00,3.175135703879230675e+01,2.201483645741891593e+00,2.904107120305274492e+01
4.273300029463830363e+00,6.835353080080668775e+00,3.223043078642965042e+01,2.711967456220218509e+00,2.952683862690786754e+01
5.500670608723344124e+00,6.017978202948709665e+00,3.235819753796464227e+01,5.609888113552909061e+00,2.963149149403730931e+01
5.776131165063461914e+00,5.073561334998889727e+00,3.100063815563466108e+01,7.866076969311006195e+00,3.018890214417119822e+01
5.668097156724406283e+00,3.871850916037833823e+00,3.047268299420626647e+01,1.234459502428600608e+01,3.067038437313775745e+01
6.951795964336084488e+00,1.909676619295286315e+00,2.999525281095429108e+01,1.470415962962434619e+01,3.083885235441520223e+01
6.703778886543561022e+00,5.353048373661550841e-01,2.951218085870340246e+01,1.685523612735220667e+01,3.101054451567218351e+01
5.383113998249030807e+00,-1.140559605742102356e+00,2.883638070633584150e+01,2.129955281818943291e+01,3.023246680566302658e+01
4.194719184273428603e+00,-2.441647707717338633e+00,2.790582056132702604e+01,2.184437384355821976e+01,2.966164336723801043e+01
3.838895218853168423e+00,-3.991496237553420201e+00,2.672701668049133872e+01,2.359218397565978620e+01,2.935819526920298728e+01
1.490236190538994698e+00,-4.139840740686867804e+00,2.474169836637883435e+01,2.321548210169412840e+01,2.871861184037365433e+01
-5.269906442559264548e-01,-5.956941209458195274e+00,2.251557179002561071e+01,2.597316319608463786e+01,2.806961258720492225e+01
-3.210246671981167310e+00,-7.917968827027378254e+00,2.063617221805916913e+01,2.819835740621739717e+01,2.710740029718430577e+01
-4.076838430507045530e+00,-8.778190074534654386e+00,1.926290436171916554e+01,2.783708353991406881e+01,2.693647565192835458e+01
-5.953563688398752163e+00,-8.761753651391067876e+00,1.741078123256137644e+01,2.877545411021705490e+01,2.662820705916386288e+01
-7.809093400216641889e+00,-9.296691784718488449e+00,1.655860512335383561e+01,2.968586548464306318e+01,2.598630658584347231e+01
-8.959870286898699021e+00,-9.343520386411396927e+00,1.512317461675836761e+01,2.775086029395934872e+01,2.618107188959420739e+01
-1.047619348752687429e+01,-9.957513511728622646e+00,1.512537817347705804e+01,3.044371127620048156e+01,2.523790406967889410e+01
-1.103257157893642315e+01,-8.831383308574435986e+00,1.358576025228502893e+01,2.638470083889328066e+01,2.596703496588141036e+01
-1.139673183157809078e+01,-8.392098205242854547e+00,1.306819520797284362e+01,2.182931488261668562e+01,2.588952580391957525e+01
-1.021434022971921607e+01,-7.965965792373749466e+00,1.287811579536585072e+01,2.083742916511358700e+01,2.538699635066515370e+01
-9.970767872310483781e+00,-5.639790003695745568e+00,1.138196821485126442e+01,1.731509657434173022e+01,2.452126947658179645e+01
-9.886495723535341895e+00,-4.277047186486290897e+00,1.127733211210020059e+01,1.476879311228489122e+01,2.413991148474345394e+01
-9.793070220956723304e+00,-2.843482565138047313e+00,1.259167110877128337e+01,8.651266968802101331e+00,2.390251022440691742e+01
-1.117556297032369983e+01,-5.743547823922323659e-01,1.212755351765362732e+01,1.171049222570325554e+01,2.296107103725187670e+01
-1.155222710232336247e+01,9.549613073974314581e-01,1.378923605951747966e+01,1.194820786152362047e+01,2.236916601024566376e+01
-1.010388108330457158e+01,2.527932786992908021e+00,1.601161296746560581e+01,7.441525436178961783e+00,2.179730894846171196e+01
-7.700298500537731350e+00,2.541994928659749853e+00,1.908171119943011718e+01,5.742174314681905756e+00,2.086184936409788193e+01
-1.013070746160629376e+01,7.103760097476692792e+00,1.909323498035971767e+01,2.408013916511684727e+00,2.343635524011716953e+01
-8.840972687603622759e+00,6.685027889971738801e+00,2.442702400452652256e+01,-6.008966762653429328e-01,2.700058481379595676e+01
-5.588957460222163220e+00,5.012152035825481633e+00,2.863642477200990299e+01,-2.857978119128315342e+00,2.802057748175594654e+01
-2.876179098854148464e+00,5.719042826046673689e+00,3.028280861492209297e+01,-4.398999921574471728e+00,2.919725915036730868e+01
-8.201098522400283031e-01,7.141320261367242850e+00,3.167100187627072216e+01,-1.809305196490722523e+00,2.933586750551750200e+01
1.479265938303901073e+00,7.831607555330235115e+00,3.231862551402695516e+01,5.926718950641571837e-01,2.968351649946460569e+01
3.204958713020642058e+00,6.945921404554796119e+00,3.337659413776637507e+01,4.010043576533156795e+00,2.890865547355484821e+01
3.615136746917895216e+00,6.972557760966187956e+00,3.341041838507142359e+01,6.348682058862566535e+00,2.909879451294552766e+01
5.627824215942498931e+00,6.020624581290537236e+00,3.326767989343159826e+01,1.084048034961783458e+01,3.006165377052360554e+01
6.023749716522167397e+00,4.679575573914984687e+00,3.354800740759282007e+01,1.724039390645151215e+01,2.977051223153597093e+01
6.256817733052195685e+00,3.257976782144938355e+00,3.422889638296724968e+01,2.055859511805986983e+01,2.954780542633967144e+01
7.149611334834433229e+00,1.310604631288777355e+00,3.273140769482805723e+01,2.380899895892378026e+01,3.030190273253268884e+01
6.753028124769341112e+00,1.290931467239753161e-01,3.283824966310055515e+01,2.442632682161549340e+01,2.989219548255633896e+01
5.685244682194164234e+00,-1.828054439144608523e+00,3.111734082626862374e+01,2.497121817420153889e+01,2.962142016326235705e+01
5.055391003664248650e+00,-2.436526507434413347e+00,2.941666367073901256e+01,2.583332899397705162e+01,2.929950088660439178e+01
3.736347141477026845e+00,-4.078715391792661293e+00,2.816134554445398308e+01,2.787714624766750759e+01,2.797282137744120689e+01
1.719052703291032991e+00,-5.286862320245651503e+00,2.546175490975612377e+01,2.893765716697311774e+01,2.739093389436105497e+01
2.451082569994325056e-01,-7.170531066341837345e+00,2.411837517120357788e+01,2.938450472389754253e+01,2.635925290121980424e+01
-1.539663519119821800e+00,-8.085001835289036265e+00,2.182167480011338867e+01,3.382834035759560720e+01,2.573530121628667189e+01
-3.302777930131394868e+00,-8.669719435354291903e+00,1.902368983625077448e+01,3.451599480416400212e+01,2.549475136533124697e+01
-4.931846384736902955e+00,-7.964784991254642676e+00,1.739277582513642884e+01,3.265777710154597457e+01,2.528476500944452354e+01
-6.393857660122126418e+00,-8.670678455864402778e+00,1.737700683543575408e+01,3.466014022112102566e+01,2.466568904540176987e+01
-8.014142050411653173e+00,-9.201479960145826809e+00,1.593943746148712748e+01,3.264613135171840241e+01,2.490293591708230281e+01
-9.371741706505110514e+00,-9.098101500610594528e+00,1.505372612902565521e+01,3.325699245001709414e+01,2.445673570811873532e+01
-8.980554494342136707e+00,-7.975713344047964171e+00,1.383428961332052687e+01,2.939689226550558132e+01,2.459375162635254597e+01
-9.472813479317025553e+00,-7.980151921691531314e+00,1.308212566395557985e+01,2.685778115625151941e+01,2.361372448307044891e+01
-1.006483377045097072e+01,-7.013536688171475575e+00,1.183831741747834343e+01,2.627285419867961380e+01,2.343747972914285427e+01
-1.200116685379793147e+01,-5.868661898970861657e+00,9.993846394835143698e+00,2.103609268428257195e+01,2.305812950225648450e+01
-1.143529794557850110e+01,-4.666558518039954251e+00,1.075502019633727890e+01,1.324303738043250611e+01,2.398935682653320711e+01
-1.256061242943151157e+01,-3.404026718811197227e+00,1.416073626661432172e+01,1.089247216200251600e+01,2.278727783753782177e+01
-1.284752405837951628e+01,-2.249173151972925666e+00,1.232275235068144781e+01,6.041018358482972417e+00,2.447952897375823511e+01
-1.234903399659794943e+01,1.643874609041269697e+00,1.274486349536739205e+01,6.088948528875363309e+00,2.477270094252967070e+01
-1.201200206283741778e+01,4.274923866847079701e+00,1.460622671314789045e+01,7.364745456299720772e+00,2.333171753124851122e+01
-1.067193358161832961e+01,5.534963985014685228e+00,1.695269040689670703e+01,4.030188966257103544e+00,2.302272941719980182e+01
-9.946897291366294525e+00,7.074226664562154099e+00,1.884690770508368374e+01,2.163589470542760296e+00,2.438166243070240569e+01
-8.612587493300402741e+00,8.375188956713031985e+00,2.281817434264443989e+01,-2.041660469523691290e+00,2.537422196460083512e+01
-6.837871166425205871e+00,8.437851818140478244e+00,2.536845856913272357e+01,-6.769269481877110195e+00,2.707491297592058643e+01
-4.675869124656384379e+00,9.662122573234537271e+00,2.789545305606206682e+01,-7.841142219574635419e+00,2.796313700237331545e+01
-1.938840782955801423e+00,9.998623367028759645e+00,3.035558781354478697e+01,-1.024736050321505232e+01,2.899821040501364422e+01
1.266188454185038559e+00,9.891123188995230464e+00,3.298334842302132586e+01,-8.563893026305983369e+00,2.892396334603911967e+01
3.451206365439026591e+00,9.171880423319258568e+00,3.391466021657852536e+01,-6.002350670086791240e+00,2.796785554015813346e+01
5.915700460542312022e+00,8.912369508977443289e+00,3.322010233043366156e+01,-5.705597303320118385e+00,2.638814829496712377e+01
6.026587287982137831e+00,8.742634765701508215e+00,3.121481290307011491e+01,-6.365605637498028102e+00,2.584184352293762643e+01
6.006136948445502277e+00,8.564755345018934207e+00,2.990309593866981075e+01,-7.556407493133800557e+00,2.650034744967869571e+01
5.725499324017225611e+00,6.969058800612233817e+00,3.062247639392662890e+01,-5.531701151058456389e+00,2.658980432696396790e+01
3.555876698121266166e+00,5.236635612564976228e+00,3.253121478916327192e+01,6.499392071284511019e-01,2.683083967665348979e+01
4.636121734654778059e+00,4.193696292566123418e+00,3.354895846500683376e+01,5.402280023862235936e+00,2.846877397473338078e+01
6.106884479007306687e+00,2.943865636434907174e+00,3.729202131254571384e+01,1.528637004996267912e+01,2.879552366030363331e+01
6.734065755211969595e+00,2.746587288605404353e+00,3.823792738231836097e+01,2.113288890561987188e+01,2.977392869973041201e+01
7.604723582897706002e+00,2.194418213824812725e+00,3.894405073412063700e+01,2.287911389750026814e+01,3.059580104270270340e+01
7.084913823719653614e+00,1.912680012682839159e+00,3.808615230485276015e+01,2.371702985467130986e+01,3.209703333372792855e+01
7.280338250501659836e+00,1.585541305582444771e+00,3.841447941664380039e+01,2.409516216667082489e+01,3.304336022406436513e+01
6.816538463079088395e+00,1.904482325749772276e+00,3.696898193338715544e+01,2.174793023392806646e+01,3.452852219391098743e+01
5.876196311762917013e+00,1.296837033031819963e+00,3.654065675751388653e+01,2.139315993494968637e+01,3.521345308370667482e+01
4.798866041720573072e+00,1.320038074065466915e+00,3.518919134604266219e+01,2.019667415443272773e+01,3.575113139534429507e+01
3.844299965393910945e+00,1.089057731603515489e+00,3.358228983439474291e+01,1.797620305400572960e+01,3.532695780574736233e+01
1.888370507637032070e+00,2.129370041543232617e+00,2.989506151910880760e+01,1.632329987959803930e+01,3.524687882331200228e+01
7.652840532049447475e-01,2.682764253533610699e+00,2.800379255747159846e+01,1.218477092817676954e+01,3.469262032241430660e+01
-1.199717469272613357e+00,2.788502140514839134e+00,2.458892625195976933e+01,9.292427251992084081e+00,3.440172868098482439e+01
-3.714650502147038402e+00,3.237730209491936240e+00,2.319790042416440912e+01,8.305743743343743546e+00,3.322430077441613605e+01
-5.846210506880096247e+00,3.007238818409145420e+00,2.141791097654315479e+01,8.136069140237051300e+00,3.219386749462788799e+01
-7.100332993246295743e+00,3.080957723717196117e+00,2.035969510541201544e+01,9.493507343093114059e+00,3.084566491114611964e+01
-8.999542671196499199e+00,4.288043069946288810e+00,1.775290313967902733e+01,8.767311488902313599e+00,2.969343142402888347e+01
-1.075020481555046103e+01,3.945179189216038385e+00,1.759684259805817419e+01,1.029807808557219140e+01,2.755139622676684752e+01
-1.223386592911479731e+01,4.767556997603918489e+00,1.688290123226472872e+01,9.301034658058384252e+00,2.647308764194939812e+01
-1.448752284205850671e+01,6.304816050404241423e+00,1.623629434505019731e+01,7.450633515355239211e+00,2.631016973560672056e+01
-1.732374052088893990e+01,7.071735890291836135e+00,1.569072644827763696e+01,7.296492713832790855e+00,2.601125441353713086e+01
-1.935019677939251537e+01,6.821910042345598058e+00,1.516984177080942509e+01,8.886908460972675172e+00,2.533121742911345464e+01
-2.089891732445245154e+01,7.462779907807922442e+00,1.519647957407348571e+01,8.281759433210170940e+00,2.440423518784446344e+01
-2.170040766720174119e+01,8.603485354737488322e+00,1.449603430675770355e+01,9.784849913021970380e+00,2.408611719469000434e+01
-2.216816673581437414e+01,9.157407475570881417e+00,1.480181261295449247e+01,1.215487362498361001e+01,2.276489993428501535e+01
-2.210790290829541149e+01,1.035581006672618187e+01,1.433343719375472247e+01,1.077113473297038126e+01,2.254939525177439563e+01
-2.202324836951206066e+01,1.092472173405209546e+01,1.400345754500840201e+01,1.056363324778763157e+01,2.210755893827455054e+01
-2.090791553372631739e+01,1.080422193457457780e+01,1.440983267240319243e+01,1.137533050267247425e+01,2.173104559887772069e+01
-1.900976258343186132e+01,1.066782627828978391e+01,1.545496810599654935e+01,1.202168427869120038e+01,2.145747286663910458e+01
-1.669631934041947474e+01,1.154861805612099701e+01,1.559935930254633263e+01,9.405521122808572443e+00,2.250725595689015890e+01
-1.702547093377650000e+01,1.216714775124903980e+01,1.664477496382504995e+01,1.558795416695419433e+01,2.169863383893380515e+01
-1.510346427776853062e+01,1.049219268455312815e+01,1.854636185111784030e+01,1.465416086297508613e+01,2.249195813540801581e+01
-1.311884349580607534e+01,9.588535111671580680e+00,2.102923585037866872e+01,1.803890154043069316e+01,2.324784427691124833e+01
-1.075591210398241770e+01,9.501353242906457552e+00,2.343788392513719288e+01,1.835334482990928961e+01,2.420433528994916017e+01
-9.524293562783849865e+00,8.762140689069703114e+00,2.388233781748681395e+01,1.807952152573164994e+01,2.543410699196241609e+01
-7.721112243257516994e+00,8.303649408559303779e+00,2.648876554647418047e+01,2.068319261199789239e+01,2.616730392081939627e+01
-7.248340584249793217e+00,7.343475268280958090e+00,2.892446637370806428e+01,2.253896969439290743e+01,2.621691209915514875e+01
-5.862412926012823711e+00,6.926209127022048051e+00,3.148381909957267766e+01,2.360519052141077267e+01,2.697120876176938964e+01
-4.914625720208801951e+00,6.720256290337497163e+00,3.299946544164480144e+01,2.581269032329921131e+01,2.766020901882192362e+01
-4.036171695534494397e+00,7.112525285195095748e+00,3.477734898713110567e+01,2.579386723087726097e+01,2.837623804376461933e+01
-4.068685823622324449e+00,7.352435251655796478e+00,3.631724566275038057e+01,2.866108813714149761e+01,2.843862896398537288e+01
-4.507754336194058631e+00,9.982661042259737272e+00,3.614328503306145279e+01,2.769311363154174543e+01,2.891951593988257940e+01
-5.453107046476882935e+00,1.188061459957190280e+01,3.710885464894266761e+01,2.824301809728082091e+01,2.841501722214353620e+01
-6.747965473308958018e+00,1.470336000184850000e+01,3.835743342345909923e+01,2.762590149862950994e+01,2.807857308561171550e+01
-8.238766284796984252e+00,1.667284503489743486e+01,3.952127098044734055e+01,2.866077465527160228e+01,2.814141538900061335e+01
-8.805321296039945622e+00,1.785214533071236076e+01,4.120688386933149161e+01,2.816668208612661317e+01,2.769990443390008039e+01
-9.287896292556922617e+00,1.949463736874529474e+01,4.179455061141968031e+01,2.495241331740101387e+01,2.785400766304080733e+01
-1.016445219450619319e+01,2.096705356420373789e+01,4.101730087502505739e+01,2.246753025894484068e+01,2.797080571096325485e+01
-1.107699814688409035e+01,2.119474728074848002e+01,3.983817788356598300e+01,2.055238792477086562e+01,2.741319137977706077e+01
-1.282496837829776481e+01,2.285133951452997536e+01,3.745799750713611331e+01,1.743762514571605848e+01,2.640482278944477201e+01
-1.520106784430013036e+01,2.248885419993835200e+01,3.479625352501279423e+01,2.153224328121321207e+01,2.600118570678489505e+01
-1.719707878424486225e+01,2.125570097144145620e+01,3.230089973108830748e+01,1.863074215767021613e+01,2.654842609166254164e+01
-2.081806753295552426e+01,1.997924903168757638e+01,2.576244989416523268e+01,2.164704178244584654e+01,2.725516312915927486e+01
-2.118704979741139027e+01,1.814158930439673867e+01,2.575204095475186250e+01,1.559320899249040160e+01,2.699973256587371395e+01
-2.319817468968708596e+01,1.719668302826140405e+01,2.392391241059736728e+01,1.613278269248547758e+01,2.591725386584275981e+01
-2.387192006463040173e+01,1.641565765673846045e+01,2.052622830487020877e+01,1.388214346793727927e+01,2.579589521826147447e+01
-2.583516362529846333e+01,1.386067756603052281e+01,1.937016944986483225e+01,1.564542497442943336e+01,2.429032410873173475e+01
-2.749662770157968339e+01,1.121777943884052320e+01,1.824348782350149634e+01,1.620305753857661557e+01,2.287235451510626305e+01
-2.844324428862545417e+01,9.235852413674853878e+00,1.593149765379044780e+01,1.633572223782836019e+01,2.253610213446133415e+01
-2.875067653610319240e+01,7.964738835954433327e+00,1.298838100033991338e+01,1.786961833253923615e+01,2.282761675198330309e+01
-2.932911265631845765e+01,6.097528084658350167e+00,1.218266744075028818e+01,2.263230191939624802e+01,2.089156829446164920e+01
-2.984872325447637920e+01,4.225489966720843427e+00,1.071429685735140147e+01,2.571329683025322765e+01,1.994878425126464094e+01
-2.810347492748941534e+01,3.112273690849563401e+00,1.116012961187478147e+01,2.763648190707365160e+01,1.906506780477036855e+01
-2.715543491936043807e+01,1.739930162766095467e+00,1.075643670209647595e+01,2.965362350517995438e+01,1.852509100423089095e+01
-2.545988445508410791e+01,-2.923293470679908523e-01,9.358492289791838559e+00,2.856074165564489675e+01,1.936973154726123170e+01
-2.662699007779804816e+01,-1.971517788833008211e-01,8.931780201861732493e+00,3.147457973523331631e+01,1.866357945551133923e+01
-2.521459491181217771e+01,-2.505184062106047271e+00,6.982600281781909501e+00,3.167809111902651864e+01,1.987431780868603326e+01
-2.596742274401445982e+01,-3.205548050869229115e+00,7.454738244629695032e+00,3.593332367786991455e+01,1.932841041061644205e+01
-2.596189547281485943e+01,-4.833226357890440639e+00,6.556195731457334475e+00,3.733362117915183376e+01,1.988641636443004757e+01
-2.491932817201619343e+01,-5.688774479176986532e+00,6.959419986854594953e+00,4.030159069172745490e+01,2.012957751818137098e+01
-2.565020056297428042e+01,-6.426259564725702589e+00,7.201234169877062996e+00,4.619591709720601358e+01,1.979955224736539421e+01
-2.543588238194944751e+01,-6.427566350885999924e+00,7.601098252171997416e+00,4.756475111517130472e+01,2.084232760626626657e+01
-2.396475434933081416e+01,-6.111293466687341081e+00,9.523170679243582626e+00,4.913583004565089141e+01,2.199343686061580883e+01
-2.230690832404340540e+01,-5.530444652003081885e+00,1.170755052733343859e+01,5.138039728753499702e+01,2.288934083068959779e+01
-2.017208091045463902e+01,-4.664363449061946554e+00,1.446735800061197175e+01,5.124396927422880310e+01,2.345998704599373852e+01
-1.891029668849677847e+01,-4.081579195752484068e+00,1.581579944440409946e+01,5.168657243091403330e+01,2.390781165474993131e+01
-1.675708550882194814e+01,-3.894825579085276601e+00,1.787534637973954688e+01,5.188068403499279668e+01,2.391591274144094470e+01
-1.612877476266891819e+01,-4.081603767212035550e+00,1.870994722454439341e+01,5.223229283025764857e+01,2.365956277087139625e+01
-1.598663580546017826e+01,-3.865869813627009322e+00,1.917532687819842607e+01,5.443708214933805323e+01,2.340932172278271040e+01
-1.534535942546445320e+01,-4.229735218391210694e+00,2.049970210682612048e+01,5.525681218337820155e+01,2.301082646134699772e+01
-1.520873402536567554e+01,-4.415392114253846145e+00,2.060849805579467642e+01,5.491146799409082746e+01,2.285087336724290452e+01
-1.502234358874727604e+01,-4.664341014500179128e+00,2.072257392526918096e+01,5.460165893806747306e+01,2.293094231141181183e+01
-1.514345041786170754e+01,-4.921707192110650553e+00,2.012092720443675731e+01,5.417101784426112943e+01,2.333515507369882158e+01
-1.537490867036378006e+01,-5.442333912813690944e+00,2.022742740889567870e+01,5.289163735741960437e+01,2.326403896718881725e+01
-1.707466267784503700e+01,-5.045375512081808012e+00,1.762712237573838436e+01,5.295307558746695520e+01,2.322801049492289138e+01
-1.708716595732964905e+01,-6.043336838814150624e+00,1.616671659464378763e+01,5.228725788532447183e+01,2.280305214902826449e+01
-1.831113853470036545e+01,-5.452034141620973884e+00,1.563352550671365471e+01,5.319428494242113459e+01,2.221967860675154682e+01
-1.820054714583673316e+01,-5.312140203029242613e+00,1.357510381041832659e+01,5.022385183548707488e+01,2.278013850992996936e+01
-1.879404476696530679e+01,-5.256654268082195713e+00,1.350050706554826085e+01,4.859641148647069997e+01,2.223683156551778595e+01
-1.930310437743176877e+01,-4.669033795541059462e+00,1.265855198794471193e+01,4.511471792712738704e+01,2.181369862209632515e+01
-1.957514618778862925e+01,-5.172850676679088266e+00,1.222118026208354458e+01,4.200637575659190759e+01,2.097917240979606746e+01
-2.082187224019110872e+01,-4.524386450707853058e+00,1.158015360764627033e+01,4.127167682209987731e+01,2.025916275165440084e+01
-2.103147131575789786e+01,-3.901155991372581511e+00,1.019269753726442929e+01,3.671113561367450018e+01,2.032372339990206456e+01
-2.151672814440587800e+01,-3.886560004688075054e+00,9.968612621837005250e+00,3.340610095052224437e+01,1.946392322981828471e+01
-2.188844823589829858e+01,-3.593366287936705206e+00,8.740244863242484286e+00,2.866243335978790796e+01,1.861949522030262827e+01
-2.221266587836874606e+01,-3.879195962695828115e+00,8.038969253459892883e+00,2.547244126062360436e+01,1.822393090650425762e+01
-2.218267003850634467e+01,-3.641285308400657783e+00,6.362889089214501581e+00,2.334462871131952255e+01,1.859177624511918836e+01
-2.237597684734255310e+01,-3.381897363971299697e+00,6.979833200037706575e+00,2.284193800911753769e+01,1.801989739620767494e+01
-2.220550091413537075e+01,-3.676404999393403372e+00,7.047574570641986114e+00,2.289536561262045922e+01,1.804273964338658942e+01
-2.202211618653168657e+01,-3.244806141301517677e+00,6.997335673686379209e+00,2.237954570950299171e+01,1.858301786270198974e+01
-2.140906601618076621e+01,-3.585325723473115289e+00,8.154355841258571047e+00,2.274189781389133103e+01,1.857560584295206141e+01
-2.152041209840967539e+01,-3.526156970232511512e+00,7.959709221913211508e+00,2.187804924095237169e+01,1.935136737558130093e+01
-2.109374259762246950e+01,-4.018854895170919761e+00,7.746740675430025647e+00,2.342429795320683894e+01,2.000526914546528445e+01
-1.982691883361252039e+01,-5.084872728224425487e+00,9.265919946458875955e+00,2.594086278499418796e+01,2.041978071155941166e+01
-1.910850210258330861e+01,-5.543784686981675591e+00,9.976138134258926371e+00,2.952953255305560276e+01,2.078044208789241765e+01
-1.779991402947954882e+01,-6.374821627827019555e+00,9.326113773030016318e+00,3.065742169413822182e+01,2.115326325802320895e+01
-1.700907739280446407e+01,-6.511257701525311248e+00,1.037845219498946925e+01,3.229966955396688633e+01,2.056426752318104079e+01
-1.666730704753938852e+01,-7.749433865960002166e+00,9.880576237173189114e+00,3.342159874673993158e+01,2.065649704100989226e+01
-1.646607339075523768e+01,-8.232499736134000656e+00,1.067269622533443219e+01,3.739406877330816314e+01,2.095742675277329070e+01
-1.564782535807476194e+01,-8.440383826063346362e+00,1.130382028695044205e+01,3.898242096795093659e+01,2.150797058257624172e+01
-1.541936313508156786e+01,-7.800482811068938815e+00,1.422989341263195762e+01,4.359601550146257409e+01,2.087105606244406530e+01
-1.426365454125263810e+01,-7.416066258282610235e+00,1.497253077131082399e+01,4.553466260109934893e+01,2.216819040027473520e+01
-1.301779869475388551e+01,-7.202027055671539557e+00,1.678258918442400471e+01,4.833500711123573979e+01,2.263890172999351336e+01
-1.152831545803321589e+01,-7.117216867087746479e+00,2.099362002444033237e+01,5.089949150792099886e+01,2.297810775348579426e+01
-9.313103900894450504e+00,-6.542412466326299025e+00,2.501167554672153059e+01,5.271922643797942953e+01,2.436062863407438073e+01
-7.953854665706214355e+00,-6.757010774803076103e+00,2.716064263773526477e+01,5.378382684241152845e+01,2.486849505841128405e+01
-7.470826025563444439e+00,-6.664374318558332178e+00,2.943405937123536376e+01,5.493015703593076182e+01,2.465665313983135931e+01
-7.566809692693355238e+00,-6.547641029049579231e+00,3.007217951934086386e+01,5.564997243891079393e+01,2.471359065281354006e+01
-7.177183003919029858e+00,-6.000030158189984419e+00,3.029166704914062080e+01,5.462254802263483100e+01,2.455330870612807814e+01
-7.417005672669530369e+00,-6.045154277861778169e+00,2.977865632071765845e+01,5.454894543724817879e+01,2.401167857938538219e+01
-8.891268668087814575e+00,-5.310710151177845617e+00,2.749942724114576720e+01,5.494314274159975753e+01,2.395504555284457027e+01
-9.513929211712120804e+00,-4.881770807490086739e+00,2.581602621492118388e+01,5.422346578929075633e+01,2.379183326769195617e+01
-1.101569046481297320e+01,-4.398879380497865199e+00,2.465420076324674170e+01,5.228051464933320602e+01,2.286507143527201436e+01
-1.208315377718805550e+01,-4.318357144180726692e+00,2.089853003330072312e+01,5.162560867607750481e+01,2.286355439455162042e+01
-1.313660341476831661e+01,-4.366202492974268878e+00,1.933859205432267458e+01,5.247792947634545158e+01,2.154958522300738011e+01
-1.424228731387979963e+01,-3.964998425498501788e+00,1.812295167539338081e+01,4.983600462552126942e+01,2.070030310884786928e+01
-1.572448236364447993e+01,-3.370544686791898670e+00,1.651887836542257304e+01,5.104028154825265062e+01,1.922822394257595846e+01
-1.654172488549968278e+01,-2.376204212874757360e+00,1.503936840843642386e+01,4.597337462416491860e+01,1.847762386952525659e+01
-1.791557573587675023e+01,-1.862918888421782881e+00,1.314536653638142027e+01,4.262937923448423305e+01,1.775861535857744400e+01
-1.862948003145646325e+01,-2.141290850099936804e+00,1.200630378353455363e+01,3.824458249066354654e+01,1.767004073703117228e+01
-2.026323280936633608e+01,-1.745415714456511225e+00,1.017195670424136367e+01,3.641826889593289707e+01,1.748346791118841992e+01
-2.017011102625537688e+01,-1.970966163361781653e+00,8.947169091872208213e+00,3.335156037797739259e+01,1.763101210153505960e+01
-2.122098078288921741e+01,-1.728530572767864371e+00,8.192259052578735989e+00,3.454380043806504830e+01,1.708387020874418383e+01
-2.095125574283984093e+01,-1.460871753929767536e+00,7.438996170232163863e+00,3.197166926083369987e+01,1.700883856807331185e+01
-2.109844800685077360e+01,-1.766627017044553938e+00,7.317880988535952369e+00,3.270729739769176092e+01,1.677811515867298553e+01
-2.061579333926115609e+01,-1.579426461177032337e+00,6.251863098637750582e+00,3.143605518249695763e+01,1.675910901084929705e+01
-1.961616050232140296e+01,-1.270764405048151247e+00,6.942384091595332762e+00,2.897427875413738008e+01,1.653023794902839683e+01
-1.806206069611838316e+01,-9.617802149773257980e-01,6.407835883597163829e+00,2.527227134646762607e+01,1.752549444650215449e+01
-1.620946736637259278e+01,-4.442660958609847555e-01,7.306491733508506670e+00,2.190299264603227769e+01,1.847735728342327022e+01
-1.490635634197876414e+01,-1.571377743383877146e-01,8.186996294638859695e+00,2.297800259954927427e+01,1.873944288845839878e+01
-1.308406437083431939e+01,-3.135770111430398188e-01,8.909941429320383577e+00,2.163175136186120184e+01,1.945153479762447546e+01
-1.116716786229640412e+01,-1.928436584577264412e-01,1.159244725121773811e+01,2.069632264119985976e+01,1.974216519076545850e+01
-8.721190762718581624e+00,1.643897619635490415e-01,1.343378976418366477e+01,1.806315951472640080e+01,2.105837778731461896e+01
-6.554373083993341176e+00,-2.945043775226281468e-01,1.528351247107193345e+01,1.788614109958021459e+01,2.173094278771166898e+01
-5.156544855869629629e+00,-4.921108605813611092e-01,1.766685334427754483e+01,1.901268462885009924e+01,2.137985135082917054e+01
-1.808827269300315344e+00,1.033716017895969230e-02,2.092873401614341589e+01,1.672442420874179447e+01,2.177739640101479424e+01
-2.975520054909974732e-01,8.084639243456415159e-02,2.458288580162192005e+01,1.876441977804419281e+01,2.104833579916473241e+01
1.793181292681805594e+00,1.013658917357878053e-01,2.609580738337178829e+01,1.752030685563843804e+01,2.181315712331223011e+01
3.571573917358290551e+00,-1.051689870340313249e-01,2.827497009478549117e+01,1.680406576908685423e+01,2.204441806285347383e+01
5.052168244427792665e+00,-3.823702598140972242e-01,3.011813001229049291e+01,1.781773711764656909e+01,2.280439131471460357e+01
6.751089886933820061e+00,-9.633094464518494604e-01,3.156429672393964836e+01,2.072257976199600193e+01,2.290645384326309753e+01
6.203773399017614487e+00,-6.801077272704976195e-01,3.285593091533597487e+01,2.324554827197131956e+01,2.248827537691983736e+01
7.414530687814203880e+00,-7.483343603256953358e-01,3.385763190078007767e+01,2.534924448021446963e+01,2.364837046478550064e+01
7.941374935930737955e+00,-4.562093371308497680e-01,3.686130647985439168e+01,2.927516047620413531e+01,2.429481112292933531e+01
9.258159765266050556e+00,-2.094026327488993644e-01,3.851578333477546323e+01,3.027300274149282089e+01,2.588478811905256194e+01
1.019453943965264386e+01,1.144896720573482796e-01,4.133960977166960760e+01,3.254735781040557185e+01,2.695437580903307051e+01
1.079273970774819347e+01,5.829736319356859653e-01,4.287805456806330540e+01,3.317499754884499197e+01,2.810885448738590853e+01
1.125668047161874341e+01,9.799055166164150066e-01,4.396520428957222748e+01,3.369503617531722739e+01,2.900476227923754635e+01
1.110130821964359882e+01,4.730447701805200467e-01,4.372534149499092848e+01,3.426838087359352159e+01,3.012043185727169714e+01
1.059369206891253157e+01,4.487798095300714607e-01,4.249853434282487541e+01,3.400677368246876853e+01,3.141866429713410724e+01
1.034628111253075744e+01,7.838181831038175673e-01,4.051459535220445929e+01,3.125449489855618879e+01,3.257737641006460194e+01
8.897167528866283703e+00,6.954012958210360473e-01,3.852536842429053365e+01,3.074498374992962724e+01,3.270825067785280282e+01
7.875552829206800887e+00,1.318805422929659965e+00,3.562525732018441715e+01,2.796225598122885003e+01,3.341141065835966373e+01
6.373476293928834302e+00,1.059508637546062282e+00,3.397459319381333387e+01,2.564774684362473067e+01,3.285234311027957688e+01
5.161480800487569631e+00,1.092087576835805152e+00,3.206958302459802468e+01,2.511131745206498778e+01,3.259041682256187045e+01
3.954092789829407373e+00,1.550483011972193292e+00,3.002942584711342988e+01,2.443083306819689682e+01,3.192319476746244433e+01
2.290168377531837329e+00,1.855372329421129507e+00,2.671472444346286679e+01,2.200363503388890507e+01,3.106109352687401781e+01
3.656971587510371435e-01,2.136749774547072711e+00,2.325506424386096072e+01,2.037462284735832796e+01,3.042980431997774105e+01
-1.518531846995624157e+00,2.271598521451000163e+00,2.205182927870165344e+01,2.092658226009481481e+01,2.906767206954224037e+01
-3.507760031751153917e+00,2.606630540838010379e+00,2.015614859422744587e+01,1.698727598817956164e+01,2.759541174955927900e+01
-5.844156335187704165e+00,2.972296322523770851e+00,1.899181797285763906e+01,1.562903700055496259e+01,2.564464358550168654e+01
-7.712132117657885644e+00,3.066944450634013108e+00,1.758356150246617489e+01,1.586868582168120767e+01,2.408254469504271711e+01
-9.581129844310741106e+00,3.942429859706726880e+00,1.568910003702413647e+01,1.640149647407573497e+01,2.276079872743197186e+01
-1.121142546074265312e+01,4.043921785765316912e+00,1.453774505103577042e+01,1.519347171838762200e+01,2.164631156156426783e+01
-1.278624924097726279e+01,4.451123910860113497e+00,1.313909709146038551e+01,1.375297022300790317e+01,2.151829018301184959e+01
-1.361262936861481165e+01,4.004937892975419800e+00,1.183488118934979028e+01,1.326682757777593480e+01,2.093940020278678205e+01
-1.430385021460673656e+01,3.616320293062941449e+00,1.079246445281081002e+01,1.283242041562368918e+01,1.931470303802759858e+01
-1.555815236052659856e+01,4.193168895006027519e+00,1.165469557479276475e+01,1.529887863542872672e+01,1.691596877060833037e+01
-1.455801535156976811e+01,3.292551243837105623e+00,1.224166016156792836e+01,1.248780412594616962e+01,1.706848775699852894e+01
-1.345216040239283117e+01,4.700216328466033211e+00,1.176964408791648964e+01,1.091014531845265623e+01,1.849991953981610493e+01
-1.040998061312063783e+01,3.715557593795734803e+00,1.077622951944787388e+01,6.872376067207309092e+00,2.092956060491819414e+01
-1.027777784683585693e+01,4.095643990265214640e+00,1.284925143151048843e+01,1.559079696975105200e+01,1.927100810917969653e+01
-6.596061232082549353e+00,3.960827994359087612e+00,1.699363938543803698e+01,1.372887098326674149e+01,1.825419106537122360e+01
-3.242311458059782048e+00,3.998159871220429373e+00,1.895100151705630509e+01,8.103124610466187150e+00,1.913584726793591173e+01
2.461894179370291980e-01,3.603976218041344826e+00,2.127387055170830621e+01,6.086603223039171340e+00,2.068447724423251799e+01
2.186894383973840839e+00,2.014308145491053192e+00,2.371376348876449214e+01,4.605497792461800799e+00,2.099608468894388835e+01
3.155858278608806522e+00,3.539956974092124398e-01,2.479198494108042183e+01,7.278586973533830218e+00,2.075853862414177442e+01
3.027980986687006215e+00,-3.522744220585511954e-01,2.723635454304120884e+01,1.308138577558209548e+01,1.933638416635905344e+01
3.121161429559069056e+00,-1.222881607487639855e+00,2.984248808751318194e+01,1.530886648008326389e+01,1.902652235128354263e+01
3.906929173776306108e+00,-2.124894813141088967e+00,3.069830216191923000e+01,1.863829415607851203e+01,1.993330755524211639e+01
3.550726559229176793e+00,-2.430216851633164588e+00,3.395747247814256298e+01,2.512645990355333581e+01,1.918709875680033505e+01
5.068424741676778034e+00,-2.506184695622744485e+00,3.665541529212812577e+01,3.106563313725031605e+01,2.036146772349806611e+01
7.675816245105754554e+00,-2.393357757598101543e+00,4.056939302348988718e+01,3.658978269590199517e+01,2.226674024591724077e+01
9.415642960077221346e+00,-2.085192553758994372e+00,4.358118568004335458e+01,4.081652444296037174e+01,2.392648303410533828e+01
1.159665955419254146e+01,-1.699847951270133883e+00,4.575966240810731733e+01,4.091137708151366326e+01,2.634646788582269394e+01
1.215483672427787454e+01,-1.847086088936403137e+00,4.664822019724110191e+01,4.266332588523387415e+01,2.787252047102941788e+01
1.230692867721356265e+01,-1.415699582238371335e+00,4.822485290975276229e+01,4.258819594907943440e+01,2.834098391982035992e+01
1.196539968552043476e+01,-1.398307955548876436e+00,4.710582612079330289e+01,3.995955876515941441e+01,2.975731980817281652e+01
1.105284128653137543e+01,-1.082641807651569366e+00,4.549756118830210028e+01,3.700295911122654502e+01,3.078313567603736445e+01
9.318531415171669607e+00,-3.323832361365255395e-01,4.295732093445879229e+01,3.468894657785455848e+01,3.088105800547791446e+01
7.627645159907889827e+00,-9.600897073438927620e-01,4.031461692647710038e+01,3.319387473926025223e+01,3.117313304811947461e+01
5.474681413275068742e+00,-7.173622806495902893e-01,3.626838405821163747e+01,3.248060591526352425e+01,3.160184056492867910e+01
4.125693540564571826e+00,-8.101484360802837514e-01,3.168021199426370416e+01,3.068777735354790792e+01,3.192192533408005772e+01
2.685858421290846287e+00,-1.343266467620125582e+00,2.939639806881371698e+01,3.041445096042044938e+01,3.103665502499013229e+01
8.667375576529146031e-02,-1.498514630911472523e+00,2.754206965794083573e+01,3.496406270975567310e+01,2.865647232330313088e+01
-2.127281381789403625e+00,-6.052341886621785960e-01,2.430027479464265028e+01,3.367848840782116326e+01,2.734992745240980128e+01
-3.845173580932350177e+00,1.133884081528808707e-01,2.237423937218823866e+01,2.776693120869104803e+01,2.642495351622140376e+01
-5.547161987567530872e+00,-1.577605104174342188e-01,2.035103888164382369e+01,2.401794669790856318e+01,2.621796503472196704e+01
-6.979208019459694157e+00,6.776334777479773308e-01,1.900298211358284206e+01,1.942484774723625307e+01,2.514143810401890278e+01
-9.102722252540212722e+00,1.339697446589491747e+00,1.635544259661514488e+01,1.929233782530883445e+01,2.213191892944168870e+01
-1.089527727933914392e+01,3.242205783288210075e+00,1.388060991718952764e+01,1.894284347947655434e+01,2.066722542303206822e+01
-1.227527489793493842e+01,3.456060631452398724e+00,1.153196031106785568e+01,1.840109797219389165e+01,2.021442836015300415e+01
-1.494031173027812542e+01,3.239295122489072920e+00,1.019057979062591812e+01,1.959577027703352314e+01,1.966341191775826047e+01
-1.693464058542181405e+01,3.356294821295706221e+00,9.527461757745838256e+00,1.937624683541302062e+01,2.022310326484778997e+01
-1.861390605594803205e+01,1.970425310954701192e+00,9.796903074379057941e+00,2.080907848300770979e+01,2.058022569011934166e+01
-1.791668863252262156e+01,1.379746190581447429e+00,1.130312855610740286e+01,2.329365826075751755e+01,2.089361454166807164e+01
-1.730276423268330888e+01,1.364971031803681623e+00,1.202180707688971850e+01,2.594079381397786932e+01,1.999236462711287032e+01
-1.716118661859071892e+01,1.936296775814751570e+00,1.046873357924973647e+01,2.639326235815125798e+01,1.917132333729793459e+01
-1.840687438539541887e+01,1.935850451041801534e+00,8.836182706144374066e+00,2.639391523031013165e+01,1.819114005500904696e+01
-1.884783236962361030e+01,1.767245818278325498e+00,8.695394175084551591e+00,2.624892375287367230e+01,1.788311575406996567e+01
-1.819159625778501166e+01,1.404358969826999815e+00,7.972340156584596826e+00,2.530583996993411233e+01,1.784210146493195026e+01
-1.815312177034722652e+01,2.968564711330959671e+00,8.136194180086842920e+00,2.443211194330615044e+01,1.759023138856060342e+01
-1.597893172545464680e+01,3.093029978150646286e+00,9.403111024170788923e+00,2.057419506359907757e+01,1.841931534857777919e+01
-1.562472622917715803e+01,4.124064190462932267e+00,8.901996282835497709e+00,2.377502811346820977e+01,1.856151134489043386e+01
-1.460364319398994226e+01,4.489883547451161583e+00,9.238180190726321683e+00,2.279440394829398642e+01,1.920682698943134881e+01
-1.403636077483881195e+01,4.987471748412680483e+00,1.044064370448188583e+01,1.997961609997561538e+01,1.908659962768434326e+01
-1.193117485238740016e+01,5.507097354225741981e+00,1.148999391896669131e+01,1.432920123375278720e+01,2.020076618674348978e+01
-9.496116367127966029e+00,5.068411536367532833e+00,1.300202170869178708e+01,1.008680041117690251e+01,2.093944362873339315e+01
-7.278634422716332431e+00,5.244974139086366449e+00,1.461431200117048945e+01,9.289439324326160374e+00,2.152250810105796575e+01
-5.015920289683952760e+00,5.569888614062735499e+00,1.767315747714369678e+01,7.344654148570787910e+00,2.120185633748569032e+01
-2.947588845094186283e+00,6.270865727850333471e+00,1.928364019846446809e+01,5.893706652429356652e+00,2.167755154086472658e+01
3.925919626560263609e-01,5.551193582786128289e+00,2.173435282610115138e+01,3.546311878820322505e+00,2.276693459544160802e+01
1.821925286127705768e+00,5.181247467715579091e+00,2.474258392698781250e+01,3.228361632700647021e+00,2.294297924586616944e+01
3.108602695461097021e+00,4.497658471404486491e+00,2.576592117440935326e+01,4.911029272043045069e+00,2.321916328094035009e+01
4.671573003669464264e+00,4.770179967227800688e+00,2.895907429068891048e+01,4.063997297206665138e+00,2.307989525958972976e+01
5.475484441074768505e+00,4.262337226202635776e+00,2.968390010721349626e+01,4.717742997950566064e+00,2.395538554604537396e+01
5.976185831946243532e+00,3.811069839553230310e+00,3.187213527206301222e+01,8.550646330005225337e+00,2.449322026188282564e+01
7.719257988414272909e+00,3.126000508819022361e+00,3.500229659922532477e+01,1.228938511849223403e+01,2.528178929814776765e+01
8.941211082207960459e+00,3.024484390095813158e+00,3.778193896577246846e+01,1.572567548137310212e+01,2.611576882716702741e+01
1.132744943776321378e+01,3.690282506319195299e+00,4.070946005034008408e+01,1.629154911153515783e+01,2.786761352067903985e+01
1.282462961519713929e+01,3.865212099882216812e+00,4.160123934507107890e+01,1.598352133099950834e+01,2.947575296189574701e+01
1.294527924019549303e+01,3.702644625247583754e+00,4.304567810907190051e+01,1.852879595500136034e+01,2.957178516252121625e+01
1.263328154546683635e+01,3.398901700757671840e+00,4.328975088187299036e+01,1.802804421026073456e+01,3.033785026818651787e+01
1.291442761065525247e+01,3.079392788112624846e+00,4.328354202093339609e+01,1.863069109488658981e+01,3.151569503543768036e+01
