-0.04348,-0.086733,0.10444,0.032984,0.038299,-0.13225
2.3094e-05,5.6957e-05,0.00054566,0.00042382,0.00091104,0.00022784
9.0915e-05,-0.00024313,0.00053225,0.000622,0.00078103,-0.00045728
0.00015826,-4.3755e-05,-0.00091491,0.00011545,0.0027696,-0.00096751
0.00023329,-0.00044253,-0.0013139,-0.00045152,-9.7337e-05,0.0010927
0.000804,-0.0002193,-0.013646,0.0018604,0.00070447,0.015508
0.00015433,-0.00040556,-0.00014638,0.00018011,4.9252e-05,0.00012053
0.00017182,-0.00040731,-6.0956e-05,0.00026603,0.00093625,-0.0013209
0.0001,-0.00027292,-0.00051961,-0.00053652,-0.00029327,0.0005759
-6.8041e-18,4.163e-18,1.8919e-17,7.7992e-18,-1.2377e-17,1.2951e-17
5.8767e-05,-0.00063931,-0.001186,-0.0012191,-0.0033697,0.0040062
0.00013118,-0.00063883,-0.0014421,-6.7754e-05,-0.0013251,0.0013595
0.0006972,-0.0001043,-0.014741,0.0017344,0.0030206,0.013536
-7.9811e-05,-9.0976e-05,0.00023413,-0.00023324,0.0014658,-0.0012352
-0.00016387,0.00030496,0.00079796,9.3563e-05,0.0013486,-0.0015412
8.9124e-05,-0.00018808,0.00010864,9.8751e-05,0.00013167,-0.00078307
4.5926e-05,-0.00034797,0.000353,-7.3137e-05,-0.00082475,0.00016846
-8.5808e-05,-0.00036748,0.00010058,-0.00062598,-0.00089183,0.00076645
-9.9337e-05,-0.0002236,8.7616e-05,-0.00056357,-0.00042378,0.00055307
-6.1317e-06,-9.3428e-05,-9.5003e-06,-6.546e-05,7.0625e-05,-0.000392
-9.325e-06,-0.00018581,-8.7135e-05,-0.00022904,-0.00040725,-0.00041867
-2.3206e-07,-0.00050062,-0.00058616,-0.00060461,-0.00091522,-0.00057677
-3.3766e-05,-0.00023953,-0.00035803,0.00010661,0.00033061,-0.0012993
-0.00016487,0.00026914,0.00068282,0.00039238,0.0012948,-0.00086697
-6.9916e-05,0.00029316,0.00045948,-0.00032612,0.0010329,-0.00059608
0.00011028,7.0612e-05,0.0016163,-0.0013941,-0.00093496,-0.00075643
-0.0001747,-0.0001483,-0.00046453,-0.00085753,-0.0018217,0.00056354
-0.00016349,0.00013919,0.00011289,9.7038e-05,-0.00090266,0.00012746
-0.0002546,0.00060977,0.00050941,0.00054632,0.0011699,-8.7818e-05
-8.5965e-05,0.00020239,-0.00025624,-0.00028897,0.0015078,-0.00019692
-0.0012862,0.0013681,-0.00012179,0.00042638,0.0010835,-0.00067806
-0.0089137,-0.00011,0.016349,-0.0027717,-0.0010837,-0.017361
-0.0041481,0.00065962,0.020186,-0.0014817,-0.0027459,-0.021646
0.00061027,0.00076268,0.015035,-0.0012846,-0.0024979,-0.015759
-0.0002334,0.00014659,0.00038276,-0.00018339,0.00037452,0.00085989
-0.00012476,0.00019108,-5.719e-05,0.00083559,-5.8516e-05,0.00082177
-9.0576e-05,0.00015535,-0.0005311,0.0010292,0.00018462,2.2707e-05
-7.3648e-05,-0.00022899,-0.0013238,-0.00046567,-0.00063068,-0.000525
0.00022459,-0.00079851,-0.0011693,-0.0015704,-0.0033276,0.0010476
-1.9516e-05,0.00010479,-0.0001735,0.00017327,-0.0013175,0.0015353
-8.1558e-05,0.00081408,-0.00028594,0.00084513,0.0013069,0.0021537
-7.3694e-05,0.0001072,-7.3045e-05,0.00053011,-0.00012095,2.1348e-05
5.8767e-05,2.8421e-05,-0.0003427,0.00072502,0.00018951,-0.00078018
-3.0118e-06,-7.8544e-05,-4.147e-05,0.00062363,0.00023817,-0.00071851
0.00011247,0.00022393,0.00025419,0.00079448,0.0001451,0.00014194
4.1218e-05,5.2208e-05,0.00017963,0.00034268,0.00035188,-0.00017252
0.0011908,0.00093502,-0.0032183,0.0014901,0.0023473,0.0026421
0.00086057,-0.00053766,4.8819e-05,-0.00017459,-0.00028404,0.00082908
0.0062761,0.00034877,-0.0030079,0.00077757,0.00014257,0.0046766
0.0063974,-0.00029477,-0.006117,0.00090264,0.00062262,0.0074723
0.0031722,-0.00016216,-0.0091954,0.0019946,0.00081985,0.0095314
-0.00014303,6.2847e-06,-0.0021548,0.000936,0.00042143,0.00081922
-0.0024429,-0.00055237,-0.0039225,-0.00024139,0.0014928,0.0028121
-0.00051363,0.00027366,0.0020009,-0.00045412,-0.00096129,-0.0031201
-0.00071481,-0.00082215,0.018012,-0.0032663,-0.0051827,-0.019133
0.00015923,-1.176e-05,-0.00029549,-8.658e-05,6.0947e-05,-0.00070747
0.0010109,0.0011611,-0.010688,0.0028393,0.0042292,0.011406
-0.00010338,0.0002426,-9.3464e-05,-0.00027338,0.0026394,0.00044083
-0.00018805,-0.00023917,-0.0014434,-0.0010121,0.00042132,0.0014598
2.7938e-05,-0.00017415,-0.0004817,-0.00046877,-0.00020186,0.00010465
1.53e-05,-0.00011956,-0.00019022,-0.00059919,-0.001722,0.0013309
-4.945e-05,-0.0001755,8.8357e-05,-0.00061439,-0.0014858,0.00073687
-5.6543e-05,-8.9314e-05,0.00084067,-0.00057452,0.00047538,-0.0007311
8.0026e-05,4.4743e-05,0.0011246,-0.00047628,0.0012981,-0.00047861
-2.0106e-05,4.6989e-06,0.0012989,-0.00084333,0.0015808,1.3133e-06
-0.0001978,-0.00022724,0.00083322,-0.0013881,-0.00024922,0.0018178
-7.6647e-05,-0.00012069,0.00042029,-0.0008044,-0.0011088,0.0024592
1.4194e-05,0.00054934,0.0011913,0.00023776,0.0025509,0.00069631
0.00021658,0.00099335,0.00032844,0.0009476,0.0033687,0.0019587
0.00094002,-0.00059436,0.00073759,-0.00028242,-0.0023885,0.0023144
0.00079295,-0.00055435,0.0012426,-0.0001501,-0.0033722,2.7701e-05
0.001122,-0.00013397,0.0018101,-0.0013086,-0.0010909,-0.0014646
0.0018375,0.0005866,-0.0025038,-0.00019999,0.00098131,0.0029069
-8.7721e-05,0.00051107,-3.8893e-05,-0.00046224,0.0010766,0.001695
-0.0010968,0.0021858,0.00036217,9.9792e-05,0.0012063,0.0012937
-0.003843,0.00027163,0.0086226,-0.0013373,-0.0016281,-0.0086134
-0.00089709,-0.002299,-0.0021214,-0.00025399,-0.0015116,1.3863e-05
0.0018077,-0.0021851,-0.001881,-0.00022779,-0.0011497,-0.00010541
0.0040067,0.00018956,-0.01102,0.0022351,0.0023408,0.0094264
2.8715e-05,-0.00016583,-0.00056746,-0.00019335,0.0021376,-0.00095298
-0.00015142,9.2642e-05,-0.001689,0.00014278,0.0011978,3.899e-05
-0.001273,-0.00033015,-0.0080666,0.00079221,0.0022229,0.0076729
-1.4068e-18,3.348e-18,2.0009e-17,-1.9998e-19,2.3898e-18,3.6172e-19
-0.00034062,-0.00011119,-0.00052165,-0.00057363,-0.00030508,0.00040557
1.0201e-17,1.7083e-17,-1.5957e-17,3.8161e-18,-1.1637e-17,5.2876e-18
6.9182e-05,-0.00053946,-0.00053102,-0.00159,-0.001747,-0.0010329
8.2354e-06,-1.7867e-05,-0.00016783,-0.00027496,-0.0013628,-0.00016322
2.5928e-05,0.00016561,0.0020726,-7.1489e-05,0.00011856,-0.0028264
0.0013864,0.00076622,0.0026792,0.0013,0.00093995,-0.0040227
-9.0868e-05,0.00016073,0.00060217,0.00046369,0.0014492,-0.00033433
-4.5757e-05,-0.00030954,-0.00040283,-0.0011089,-0.0010421,0.0013773
0.00016993,-0.00039396,8.5378e-05,-0.0012579,-0.0030112,0.0020719
0.0014791,0.0017789,0.0076386,-0.00040463,-0.0033562,-0.0049915
-0.00039179,0.00069427,0.0012173,7.0684e-06,-0.0013255,-0.00010635
-4.4238e-05,5.6493e-06,0.00049523,9.66e-05,-0.0004982,-0.0017876
-6.4327e-05,-4.7278e-05,0.0011495,-0.00033153,0.00076689,-0.0017841
0.00010531,-0.00025773,0.0019257,-0.00011132,-0.00094648,-0.0011249
-9.9179e-05,0.00014981,0.00029582,9.8899e-05,-0.00093562,0.00057405
-0.00052032,0.00071423,0.00067114,0.00050157,0.0024753,-0.00052777
-0.00040821,0.0005268,0.00071394,-0.00028323,0.0017414,0.00016566
4.2187e-05,-0.00013416,0.00042188,-0.002132,-0.0021605,0.00093543
-2.9918e-05,-0.00020378,-0.00060554,-0.001696,-0.0023538,0.00052772
0.00010504,-0.000261,0.00026417,-0.00018383,-5.4875e-05,-0.0021017
0.0015497,0.00048575,0.0032034,0.00044518,0.00056909,-0.0048742
-0.00017109,0.00011076,0.00033427,0.00035986,0.00064168,-0.00032879
-0.00040501,0.00016516,0.00021897,1.7404e-05,0.00041267,0.00078083
-0.00050329,0.00015702,0.00029115,0.00021994,0.0016113,0.00026198
-0.00036365,-8.6688e-05,-0.00061598,-8.226e-05,0.00097753,0.00096301
0.0015448,0.0011993,-0.014159,0.0012872,0.0025133,0.015176
-0.00051413,0.00021037,-0.0012859,-6.3314e-05,0.00032202,0.0016712
-0.00039053,0.00073458,-0.0025614,0.00056578,0.0025575,0.0020202
-0.00021498,0.0003687,-0.00070078,0.00058728,0.0013031,-0.00016065
0.00018619,0.0006946,-0.00293,0.0011979,0.00072698,0.0029778
-0.00024455,-0.00016257,-0.00022063,0.00040936,-0.00045018,0.00014508
-0.00046188,0.00010103,-0.00040008,-0.00082292,-0.00069587,0.0015863
-0.000486,0.00043599,-0.00060136,-0.001303,-0.00043563,0.0021057
-0.00032656,0.00036455,-0.0013223,-0.0011431,-2.78e-05,0.0018236
-0.00043479,3.7443e-05,-0.00159,-0.00066483,0.00015625,0.00024716
-0.00024334,-0.00013806,-0.0038077,0.0010476,-0.0010686,0.0023484
-0.00033724,0.00023125,-0.0013427,0.0014048,-0.0011858,-2.3773e-05
-0.00024731,6.2933e-05,-0.0010113,-4.8147e-05,0.00031852,-0.0012393
-7.2297e-05,-0.00027844,1.0621e-05,-0.0010803,0.00046486,-0.0019336
-0.00037793,0.00017385,0.00013994,-0.0007743,-0.0001909,0.00068202
-0.00033551,0.00064428,-0.00020538,0.00019326,-0.0010387,0.0033273
-0.00034529,0.0013295,-0.00025915,0.0013935,0.0002072,0.0028053
-0.00055227,0.00075925,0.00022959,0.00033563,0.00094949,0.00012886
-0.00067221,0.00078016,-5.2988e-05,-0.00071015,0.00019027,0.00075514
0.00033417,0.00090391,0.0026698,-0.0010242,-0.001471,-0.002273
-0.00048805,0.00038271,-8.0826e-05,-0.00050338,-2.9538e-05,-0.00063143
-0.00038992,0.0006792,0.0019631,-7.7638e-05,0.0011149,-0.0031439
-0.00049231,0.00045993,0.00064391,8.2855e-05,0.00026853,-0.00058013
0.00061742,0.0010544,0.0077595,0.00030682,-0.0013884,-0.0073113
-0.00057291,0.00014836,-0.00072039,0.00034449,0.0010661,-0.00063659
-0.00060941,-0.00012572,-0.0022909,-0.0010494,0.000216,0.0012651
-3.1714e-05,0.00030445,-0.0080798,0.0014328,-0.00086399,0.0099765
-0.00031219,0.00095445,-0.000776,0.0015122,-0.0016024,0.0020038
-0.00031301,0.00055754,-0.0013345,0.00028137,-0.00061136,0.00036267
-0.0005338,0.0004329,-0.0011311,0.00043191,0.0017008,-0.0013244
-0.00081311,0.00082698,-0.00067588,0.0004241,0.0043044,-0.0024975
-0.00056683,0.00028129,8.1008e-05,-0.00026031,0.0014966,0.00035825
-0.00021364,-0.00021768,-0.00063828,-0.00083071,-0.001832,0.0039662
-4.3778e-05,2.2386e-05,-0.0004594,-0.00087657,-0.0027416,0.0038966
-0.0024611,-0.00094334,0.001273,-0.0016574,-0.0021234,0.00088847
-0.0065481,-0.0030199,-2.4083e-05,-0.0012294,-0.0006287,0.00028879
-0.0030319,-0.0009885,0.00070748,0.0014165,0.00089846,-0.0008288
-0.0004225,0.00021132,0.00082573,0.00033498,0.00042767,0.00089136
0.00085342,0.00030649,-0.00061134,-0.0019834,-0.0014811,0.0036176
-0.00067644,0.00028301,-0.00081386,-0.0022934,-0.001233,0.004037
-0.00073507,0.00067877,5.9358e-05,-0.0011669,0.00048621,0.0031235
-0.00083054,0.00084226,0.00070979,-0.0001315,0.0024817,0.0022357
-0.00062588,0.00036135,7.0111e-05,-0.00031944,0.0016502,0.0014458
-0.0006912,0.00027233,-0.00097451,-0.00066967,0.00046468,0.0019031
-0.00040778,-3.4957e-05,-0.0012543,-0.00033848,-0.00025074,0.00077747
-0.0001187,-0.00046594,-0.0013246,0.00014045,-0.0013308,-0.00033929
-9.6628e-05,-0.00036092,-0.0010326,0.0003329,-0.00088483,-0.0013078
-0.00026302,9.2546e-05,-0.00075279,0.00015486,-0.00044139,-0.0007936
-0.00039424,0.00036377,-0.000388,0.00069857,-0.0011109,0.00050855
-3.0749e-05,-2.1392e-05,-0.0010839,0.0018178,-0.0011614,0.0013619
-0.00024605,0.00020407,-0.00066646,0.0013927,0.00018683,0.00097036
-0.00036485,0.00020265,-0.00033051,-0.00019812,0.0012015,0.00032328
-0.0002674,0.00028849,-2.31e-05,-0.00030751,0.0016818,-0.00073023
-0.00012061,0.00010693,0.0007678,0.0011885,0.00096752,-0.0015223
8.8829e-05,-0.00024694,0.0015257,0.00077332,-0.00058345,-0.0022205
0.00012788,-0.00015445,0.0014158,-0.00068271,-0.0012025,-0.0014269
0.00056813,0.00088543,0.0010184,7.4768e-06,0.0005566,-0.00036455
-8.8391e-05,0.00037903,-0.00015353,-0.00049951,4.2753e-05,0.00091496
-0.00022511,0.00024768,-0.00019925,-0.00041846,-0.0007754,0.001249
-0.0002719,0.00017877,0.00011753,9.2707e-06,-0.0012082,0.0012146
-0.00017452,0.00018289,0.00040926,2.6394e-05,-0.00095541,0.00034976
0.0012455,0.00047771,0.0078434,-0.0012667,-0.0018784,-0.0080544
-0.00012913,-0.00032331,0.00044464,-0.0011981,0.00015889,-0.001845
0.00014262,-0.00022334,0.00070176,0.00016541,0.0010323,-0.0030377
0.00014467,6.9297e-05,-0.00018959,9.2197e-05,0.00010284,-0.0010471
0.0026394,0.0017136,0.0019953,6.8436e-05,-0.001647,-0.0024271
0.0026866,0.0028622,0.0072046,-0.0010021,-5.3511e-05,-0.0079525
0.0016404,0.0016745,0.0053956,-0.00020189,0.0016944,-0.0068397
-1.1412e-05,0.00032564,0.0012885,-0.00014711,0.0025202,-0.00087969
-9.0425e-05,0.00026211,0.0015681,-0.00066307,0.0016335,0.00024985
9.2806e-05,0.00021775,0.0011189,-0.0010519,0.00074261,4.4035e-05
0.00051287,0.00083578,-0.00020789,0.00038135,0.0023637,-6.4409e-05
0.0014235,0.0010782,-0.0054321,0.0013004,0.0029773,0.0057077
0.00016148,0.00018735,0.00049016,0.00022816,-0.0008845,0.0016346
0.0017522,0.0006496,0.0057286,0.00018964,-0.0026764,-0.0039528
8.6853e-05,0.00018785,0.00045692,-6.601e-05,-0.00010313,0.00041899
6.3568e-05,0.00077771,0.00039388,0.00041447,0.0016151,0.00015865
0.00021624,0.00091413,-0.0009574,0.00034722,0.0014355,0.0018318
0.0023634,0.0020106,-0.0040314,0.0015487,0.0018546,0.0053785
0.0027762,0.0021496,0.00084135,0.0015378,0.0035504,0.00014387
0.00015799,0.0005493,-5.496e-05,8.0099e-05,0.0029026,-0.0006247
0.00059739,0.00099107,-0.0013319,-0.0001562,-0.00036355,-0.00011359
0.00069025,0.0011217,-0.00020213,-0.00091818,-0.0018741,-0.00065337
0.0014417,0.00092004,0.0052436,-0.0018379,-0.0019401,-0.0068541
0.00022563,0.00013817,-0.00078957,-0.00135,-0.00086801,-0.00083734
0.00011267,0.00034785,-0.00041098,-0.00079523,-0.0011398,-0.0013237
-7.8144e-07,0.0004147,-0.00059162,-0.00090141,-0.001526,-2.3634e-05
7.7388e-05,0.00032365,-0.00085573,-0.0003345,-0.001355,0.0005721
5.2715e-05,0.00091549,-0.0011788,-0.00056288,0.00096233,0.00013669
0.00013495,0.001355,-0.0009282,0.0001738,0.0028444,-0.0010282
0.0017207,0.0014039,-0.002598,0.00024476,-5.9148e-05,0.0011997
0.00043484,-3.2614e-05,-0.002339,-0.0016393,-0.0045344,0.0017298
0.0021268,0.00041383,-0.0048533,-0.00037988,-0.0031963,0.0022227
0.000506,0.00042844,-0.0025968,0.000103,0.00019878,-0.00058686
0.0014697,0.0011926,-0.0056698,7.4614e-05,0.00018398,0.0054882
-7.2169e-05,0.00069396,-0.00084465,-0.0011525,-0.00013566,0.0011938
7.9638e-05,0.00039462,-0.00011616,-0.0012961,0.00047848,-0.0008201
0.0016867,0.00027475,0.0021552,-0.00057014,-0.00072584,-0.0025452
0.00067608,0.00022958,0.00029217,-1.8185e-05,0.0007532,-0.00059886
0.001445,0.0009934,-0.0025256,9.2903e-05,0.0020496,0.00051462
0.00027182,-4.8469e-06,-0.0010825,-0.0014252,0.00069959,-0.0011815
0.00034307,-1.2956e-05,-0.00095693,-0.0015121,-0.0010197,5.0999e-05
0.00022457,-2.9732e-05,-0.00035327,-0.00099733,-0.00070757,0.00024737
0.0010251,0.00064042,0.0012225,-0.00045465,0.0005735,-0.0017278
9.5809e-05,-0.00011039,-0.00017112,-0.0020092,-0.0010083,0.0022014
-3.1253e-18,-3.7864e-18,1.003e-18,-8.1128e-19,-6.5182e-18,7.1e-18
0.0020948,0.0014322,0.0050956,-0.0019624,-0.0020856,-0.0010249
4.556e-05,0.00024316,0.00068485,0.00084713,0.00023321,-0.00087557
0.00071587,0.00032054,0.0001862,0.0012024,0.00063179,-0.0020102
0.00039706,-0.00053444,-0.0010986,0.00062747,0.00044194,-0.0021304
0.0010372,0.00018792,-0.00073162,0.00076342,0.0009714,-0.0024961
7.2945e-05,-0.00024025,-7.1552e-05,-0.0010332,-6.9566e-05,-0.0015225
0.0013111,0.00032411,0.0065195,-0.0013322,-0.0024795,-0.0061008
-0.00016591,-0.00011403,-0.00032586,-0.0002361,-0.00086147,0.0016817
-0.00013477,0.0004228,-0.011357,0.002825,0.0030069,0.012065
-0.00057908,0.00018641,-0.0010639,0.0018615,0.0037032,1.2175e-05
-0.00010689,0.00036269,-0.0014724,0.00083608,0.0019406,0.0015217
0.0001726,5.8377e-05,0.000139,-0.00032014,-0.0010685,0.001424
0.00025374,-0.00024552,-0.00050147,-0.00031086,-0.00047191,-0.00059363
0.0011846,-2.6612e-05,-0.0025977,0.00031234,1.7554e-05,-5.2095e-05
-8.7262e-05,-0.00014025,-0.0006263,-6.6712e-05,-0.0013033,0.00016564
-0.00013712,-0.00017186,0.0001564,-0.00012156,-0.0010578,9.4117e-05
-0.00017169,-0.0004551,0.00030281,0.00012937,-0.001233,-0.00028572
-0.00024809,-0.00022224,0.00011895,0.0001909,-0.00087418,0.0010079
-0.00044817,0.0002906,0.00080121,0.00070081,0.0016045,-8.0068e-05
-0.00016888,0.00015168,0.0003921,0.0017091,0.0017132,-0.002048
5.2922e-05,-0.00022697,-0.00079838,0.00010312,0.00057722,-0.0017963
0.00027368,-0.00033057,-0.0019148,-0.00077031,-0.00062769,-0.00025832
0.00019085,-7.0421e-05,-0.0013784,-0.00050208,-0.0011527,0.00068822
-8.5327e-05,-5.2714e-05,-0.00045504,-0.0007005,-0.0018908,0.0010079
-0.00022111,-0.00018367,0.0015766,-0.0015204,-0.0021453,0.00063113
-0.00021366,8.5518e-05,0.00060251,-0.00023345,-0.00076961,0.0011897
-0.0002094,0.00036238,0.00026139,-0.00036838,0.00061183,0.0017343
1.1009e-05,0.00027818,-0.00044188,-0.00023351,3.035e-05,0.00081138
2.3587e-05,-3.3107e-05,-0.00046477,-0.00045183,-0.00036824,-0.00040258
1.0684e-06,3.1965e-05,0.00013575,-0.00038897,0.00031318,-0.00061967
9.0244e-05,-3.3732e-05,1.6842e-05,0.00059966,0.0007214,-0.00146
0.00013595,-1.6769e-05,-0.00036513,0.00099304,0.0008446,-0.0021018
7.8723e-05,0.00036651,-0.00082373,0.00047859,0.0013039,-0.001026
1.085e-05,8.3769e-05,-0.00059207,0.00038318,0.00047247,-0.00046751
-0.0001781,0.00010446,-0.00054276,-0.00019938,-0.00039499,0.0014173
-0.00012855,7.0761e-05,-0.00073837,-0.00075825,-0.0019039,0.0038849
-2.2712e-05,9.4837e-05,-0.00039852,-8.7168e-06,-0.002765,0.002895
-0.00015851,0.0001397,-0.00045157,-0.0006913,0.00017676,0.00029164
-4.721e-05,0.00020199,-1.5233e-05,0.00014283,0.0022527,-0.0023725
-3.604e-05,0.00043771,0.00032341,0.0011962,0.0015186,-0.0028274
0.00010827,1.8538e-05,-0.0013236,0.00075654,-0.0020011,-0.00078641
0.000187,-0.00012571,-0.0021924,-0.00047603,-0.0014647,4.8953e-05
0.00064818,0.00067965,-0.0053009,0.0010449,0.0026814,0.0044864
-0.00028297,0.00054177,0.0013542,0.0010415,0.0032043,-0.0012986
-0.00026402,0.00031413,0.00060272,0.00057391,0.00047426,0.00078169
-0.00024044,1.3883e-05,-0.00077391,-0.00026252,-0.0010572,0.0014201
-0.0006035,0.00047231,-0.0012752,-0.0002191,0.0012031,0.00084553
-0.0003405,0.00052275,-0.0010029,0.00034106,0.00041347,0.0011154
-4.2228e-06,0.00012378,-0.00077956,0.00039085,-0.0014716,0.0016045
0.00047922,-0.00036786,-0.0026704,0.00010481,-0.0014657,0.002509
0.0004789,0.00042406,-0.0077679,0.0012578,0.0028881,0.0048463
-1.1752e-05,-0.00024726,-0.0016377,0.00046625,0.0016489,-0.0020024
-0.00052458,0.0002052,-0.0023048,-0.0012591,0.000409,0.0020241
-0.00089984,0.00080452,-0.0022827,-0.00031832,-0.0006491,0.0044551
-0.00077099,0.00081248,-0.0018018,0.00057644,-0.00053988,0.0040723
-0.00053139,0.00058622,-0.00041929,0.00037491,0.00013053,0.0017391
-0.00045321,0.00072745,0.00037105,0.00022718,0.0013862,-0.00054594
-0.00040922,0.0008088,0.00023228,0.00027737,0.0013319,-0.001128
-0.00019546,0.00046685,0.00071232,-0.00032432,-0.00017366,-0.0019155
0.00011639,-0.00029973,-0.00045685,-0.0014118,-0.0024266,-0.00077062
0.00015719,-0.00030372,-0.00026881,-0.0016661,-0.0029609,0.00035294
-5.9558e-05,-8.8701e-05,0.00033713,-0.00024448,-0.0011251,-8.4737e-05
-0.00053957,0.00095426,0.0026432,0.00018352,0.0017603,-0.00178
-0.00037804,0.00098648,0.0020765,-0.00011051,0.0013803,-0.0013427
-0.00016718,0.00072429,0.0016928,-0.0005671,0.00038535,-0.0018373
-1.4575e-05,0.00051437,0.0020978,-0.00095272,-0.00055454,-0.0031804
0.00065768,0.00065437,0.0061658,-0.00056078,-0.0021279,-0.007415
-0.0001172,0.0001082,-0.00051495,-0.00031557,-0.0010074,2.8018e-05
-0.00017964,0.00035079,-0.00037048,-0.00010732,5.09e-05,-0.00053969
-0.00022163,0.00024021,-0.00057581,-0.00034014,-0.00020979,2.5033e-05
-0.0001831,0.0002528,-0.00031818,0.0001169,-0.0011621,0.00094742
-0.00025657,0.00076986,0.00023041,0.00099051,-9.5741e-05,0.00053914
-0.00024078,0.00094268,0.00046625,0.0016541,0.00099543,-0.00047889
-0.00012724,0.00048453,-0.00018441,0.00039843,-0.00080734,0.00059104
-0.00012514,0.00046365,-0.00059703,-0.00063916,-0.00090601,0.00090908
-0.00013919,0.00050353,-0.00077339,0.00016602,0.00046804,-0.00069636
-9.465e-05,-0.00012967,-0.00079762,0.00027981,0.00013623,-0.0012378
-0.00023567,-0.00020192,-0.00094661,0.00044852,-0.0012116,-0.00012122
-0.00050071,0.00032932,-0.00089976,0.00026981,-0.00045632,0.00062534
-0.00048586,0.00097563,-0.00060132,0.00054591,0.001616,0.00027389
-0.00011105,0.00041076,-0.0027946,0.00091746,0.00072062,0.0024735
3.3672e-05,-0.00066152,-0.0033721,0.00078992,-0.0012,0.0027017
-0.00012167,-0.00017641,-0.00059337,0.00097756,0.00043844,-0.00072768
-0.00046251,0.00014093,-0.00088734,0.00054349,0.0021533,-0.0006951
-0.00063835,0.0001401,-0.0016906,-0.00010231,0.0011498,0.00084476
-0.00040767,5.1376e-05,-0.001228,-0.0003972,-0.000462,0.001418
-0.0003492,6.4385e-05,-0.00077553,-0.00011967,-0.0009635,0.0015247
-0.0002524,-0.00018594,-0.0002552,0.00046898,-0.00037768,0.00050123
-0.0004427,-0.00053247,-0.00079443,-4.2991e-05,0.00092302,4.7821e-05
-0.00021579,-0.00034469,-0.00048168,-0.00068146,0.0010202,-0.00061022
-0.00026618,-0.00018262,-0.00035283,-0.00069802,-0.00047962,0.00095343
-0.00020498,-0.00014728,-6.8433e-05,0.00049647,-0.0018694,0.0013409
-0.00018211,-0.00033438,-0.00020105,0.00022081,-0.0017719,0.00071219
-0.00019571,-0.00040958,0.00016967,-0.00011198,-8.0914e-05,-0.00035866
-0.00017289,-0.00028683,0.00088615,0.0010963,0.00068786,-0.00082721
-0.00021465,-1.0735e-05,0.0013696,0.0023174,0.0013456,-0.0014138
-0.00018412,1.9688e-05,0.00029182,0.0012336,0.001786,-0.0020134
-0.0002034,-0.0001652,6.311e-05,0.00033734,0.00056848,-0.00090388
-0.00010826,-0.0001931,0.00049978,0.00032252,-0.00069223,0.00012688
0.0011408,0.00014075,0.0061935,-0.0014605,-0.0033061,-0.0052712
-8.4412e-05,-0.00035183,-0.0006172,-0.0016853,-0.00147,0.0016335
-0.00010045,-0.00037218,-0.00063446,-0.00070002,0.00037093,0.00043792
-0.00047565,-0.00026609,-0.011534,0.0014088,0.0020875,0.011588
-5.3436e-05,-0.00045331,-0.0005632,0.00043837,-0.00093839,0.00067846
-0.00014537,-0.00029849,-0.0003057,-0.00050807,-4.385e-05,0.00095981
-0.00020967,-0.00043924,-0.00013044,-0.00078832,-0.00018564,0.00087985
-0.000309,-0.0011187,0.00060806,-0.0012499,-0.0012091,-0.00061168
-0.00010684,-0.00065578,-0.00028457,-0.00084117,-0.00093802,-0.00030659
8.0614e-05,-0.00036532,-0.00028007,4.0999e-05,-0.0002441,-0.00015673
0.0003414,-0.00016875,-0.001505,0.0011341,0.00023006,0.0006648
-1.2303e-05,-0.0002964,-0.00019277,0.00040379,0.0006639,-0.00076015
0.0030377,0.0011458,-0.0044924,0.0011338,0.00097327,0.0032957
0.0042866,0.0016537,-0.0035319,0.00049793,0.00044019,0.0015616
0.0019721,0.00092029,0.0016646,-0.0006479,-2.9471e-05,-0.001426
-0.00065338,0.0003162,0.0024515,-0.00088101,-9.6491e-05,-0.00014525
-0.00053856,-6.2503e-05,0.010337,-0.0022079,-0.0025922,-0.0086487
-1.7262e-05,-0.00049673,-0.00048236,-0.00073894,-0.0013454,0.00045352
0.0002489,-0.00053708,-0.00048128,-0.00025394,-0.00026685,-0.0015662
8.8464e-05,-0.00022204,-7.7981e-05,0.00072961,0.00070415,-0.0013451
-2.5803e-05,-0.00028641,-0.00021341,0.0010587,0.00046108,-0.00095139
-9.8608e-05,-0.00046892,-0.00039266,-0.0002899,-0.0002475,0.00025388
-0.00015041,-0.0001725,-0.000153,-0.0011147,-0.00055315,0.0013945
0.0011264,0.0010677,-0.00080064,9.8304e-05,-0.00049623,0.0031727
-0.00019476,-0.00032607,-0.00071407,-0.00058688,-0.0011782,0.0014742
-3.0331e-05,0.00010276,-0.0020614,0.00080366,0.00059357,0.0014617
0.00025635,0.0002101,-0.00053746,0.0025528,0.00073626,-0.0011977
-0.00022223,0.00010961,0.0001253,0.00010346,0.00075813,-0.0006402
-0.00061247,0.00029515,-0.00038029,-0.0011795,0.00039061,0.00041237
-0.0007121,0.0001036,-0.0011257,-0.00089077,-0.0010387,0.0014055
0.00064148,0.00069915,0.0023216,-0.0012895,-0.0021094,-0.0012783
-0.00051904,-2.7987e-05,0.00024101,-0.0020883,-0.0016784,0.0020992
0.00010274,0.00046613,0.011026,-0.0018359,-0.0020175,-0.0093965
-0.00027088,-0.00013826,0.00086576,-0.00019808,0.0020647,-0.0012476
-0.00026591,-0.00033884,0.0013468,0.00014056,0.0024842,-0.003053
5.9636e-06,-0.00075781,0.0099873,-0.0010257,-0.0023212,-0.0108
-3.2888e-18,-2.8304e-18,2.2591e-18,-6.1173e-19,-5.8457e-18,7.3138e-19
9.4302e-05,-0.00039988,-0.0008495,-0.00041397,-0.00092516,-0.00050725
4.6459e-06,-0.00020581,0.000204,0.0011567,-0.0006934,-0.00031437
-6.447e-05,-9.8377e-07,0.00044832,0.0017371,-0.00071523,0.00068529
-8.3616e-05,-6.5731e-05,9.7823e-06,0.00093198,-0.00041078,0.0010849
-2.6821e-05,-0.00027395,-0.00039504,-0.0002717,-0.00036898,0.001164
-1.1936e-05,-0.00021537,-0.00017429,-0.00043916,0.00028789,0.00083915
-2.6554e-05,0.00032512,-0.00064635,0.00053989,0.001452,0.0010148
0.0011159,0.00058618,-0.0034649,0.00082159,0.00077209,0.0024929
0.00060154,-0.0010689,-0.00027835,-0.0011673,-0.0020368,-0.00093963
0.00047491,-0.0012809,0.00040026,-0.0014758,-0.0015558,-0.0010627
-0.0026382,-0.00058702,0.0073735,-0.0013248,-7.5793e-05,-0.0078505
-0.0064239,0.00026261,0.013029,-0.0016997,9.9669e-05,-0.012718
-0.0040382,0.00019661,0.012606,-0.0031651,-0.0013654,-0.011997
0.0001134,-0.00021532,5.3539e-05,-0.0013368,0.00069614,-0.00094683
0.0030543,0.00079149,0.0035485,0.0006002,0.0009539,-0.0059984
0.00049952,0.00039186,-3.7944e-06,0.0018979,0.0023472,-0.0019374
0.00033488,0.0002168,-0.00060937,0.0012911,0.0012781,1.5585e-05
0.00013368,-0.00031108,-0.00057647,-7.7971e-05,-0.00023338,0.00096812
-0.0013082,-0.0004447,-0.00094478,-0.00058456,0.00054672,0.0020005
-0.0007472,0.00048776,0.0013347,-0.00018236,0.00016814,-0.00011432
-0.0001017,-0.00010844,0.00030191,-0.00061365,-0.00043507,0.0012365
0.0012097,-0.00041092,-0.0071003,9.577e-05,-0.00041822,0.0086727
6.5268e-05,-0.00040331,-0.00063575,-0.00027115,0.0010138,0.00072333
-0.00013962,0.00026506,0.00094928,0.00096072,0.0023468,-0.0011204
-0.0017194,-0.00025082,0.010073,-0.0012166,-0.0015961,-0.009699
9.9803e-05,-0.00020058,-0.00029865,-8.5796e-05,-0.0015611,0.00022217
0.0010499,-9.0316e-05,-0.00936,0.0018052,0.0026783,0.0082001
0.00027168,0.00037588,-0.0098137,0.0023543,0.0046318,0.0085508
-0.0012203,-0.0004322,0.0014834,0.0001727,0.00054816,-0.0012056
5.7331e-05,-0.00056841,0.0018714,0.00061629,-0.0027842,8.2065e-05
-2.8953e-05,-0.00017423,0.00088479,0.0013021,-0.0018546,0.0010054
-2.278e-05,-9.2222e-05,0.00015339,-0.00021626,0.00013002,-0.00048574
-0.00033479,0.00033697,0.00031849,-0.00093886,0.0025153,-0.00099779
0.00015942,-6.4804e-05,-0.00012773,-0.0010226,0.0030742,-0.0022766
0.006577,0.0011751,-0.0017157,0.001631,0.0029762,-0.00064807
0.0096228,0.00074272,-0.0020101,0.0033733,0.00097448,0.0035394
0.0041575,0.00015235,-0.0013625,0.0027291,0.00023421,0.003538
-0.00022633,-7.6876e-06,0.00055106,0.00044312,-0.00043517,-0.00041095
-0.0015926,-0.0023583,0.0019598,-0.002147,-0.0038735,-0.0014463
-0.00030277,-0.003221,-0.0023147,-0.0018913,-0.0041495,0.0033717
0.0011446,-0.0012106,-0.00067997,-0.00049372,-0.00089305,0.0018307
-0.00084405,7.017e-05,-0.0051576,0.0015706,0.0044699,0.0057203
-0.00015351,0.00063181,0.00052585,0.0018279,0.0035455,-0.0015409
-0.0013273,-0.0015427,-0.0032042,-6.3578e-05,-0.0001919,0.0018209
-0.00065553,-0.0018365,-0.0019428,-0.00094005,-0.0024963,0.00076746
0.00049495,-0.00050968,-0.00022391,-0.00026427,-0.0011878,0.00027034
0.0017374,0.00044989,0.0028114,0.0011043,6.0671e-05,-0.0026575
0.00065545,0.00010054,0.0013068,0.0011507,0.00077634,-0.0010454
0.00045486,-0.00033705,0.00066509,-0.00014106,-0.00071794,-0.00061624
-0.00024697,-0.0011175,0.008853,-0.0028182,-0.0032599,-0.0083859
0.00031088,-0.00041008,-0.00013995,-0.0013851,-0.0016096,0.00090583
0.00069047,-0.00067108,0.00086316,-0.0001592,-0.00022465,-0.0021386
0.0014924,-0.0004592,0.0078342,0.00026127,-0.00072932,-0.01013
0.00041863,-0.00076104,0.0016552,-0.00036202,-0.0017411,-0.0020686
-0.0020977,-0.0015505,0.0092499,-0.0039818,-0.0036291,-0.0078512
-0.0010183,-0.00046249,0.0020012,-0.0020921,-0.001731,8.6774e-05
0.0013317,0.0012158,0.00036545,-0.0015572,-0.0030714,0.0027468
0.0019508,0.0012081,-0.00032586,-0.00017793,-0.0030148,0.0010764
0.00033096,-0.00078095,-0.00024453,0.001182,0.0021853,-0.0026729
-0.0019095,-0.0017902,-0.0015048,0.00088092,0.0041707,-0.0014541
0.00039086,-0.00040459,-0.00018176,0.0005746,0.0012229,-0.0010064
-0.0006533,-0.00085198,-0.0041852,1.7928e-05,0.00081637,0.0042661
0.00012162,-0.00010593,-0.00018049,-0.0002079,0.00028283,0.00033188
0.0015467,0.0014453,0.0017392,0.00028011,0.00081353,-0.0013031
-0.00013599,0.00021838,0.0004877,-0.0005653,0.00014451,0.0002507
0.00020872,-0.00011213,-0.00014574,-0.00013351,-0.00027323,0.00045155
0.00042283,-3.5959e-05,-0.0008196,0.00087637,0.0013946,-0.00039793
0.0012464,0.00064819,-0.0048444,0.0012726,0.0026879,0.0036066
0.0014088,0.00049883,-0.00032048,0.00042129,1.6235e-05,-0.00058944
8.8157e-05,-0.00031415,-6.31e-05,-0.00034148,-0.00094862,0.00044593
7.4176e-05,-0.00022741,0.00069611,-0.00010567,-0.00050494,0.00020335
-0.0010796,-0.00077983,0.0098315,-0.0014159,-0.001248,-0.0086553
5.1162e-05,-9.9279e-05,0.00058914,-0.00014407,-0.0006081,0.00073011
1.478e-18,1.1015e-17,-1.2237e-17,1.1526e-18,1.7527e-18,8.511e-18
0.0015043,0.00066401,0.008629,-0.00054884,-0.001761,-0.0082041
0.00030826,0.00064681,0.0009636,0.0013212,0.0015926,-0.0031721
4.8756e-05,0.00082316,0.00084482,0.00097096,0.0010067,-0.0020131
-6.6566e-19,-1.0396e-18,-5.6746e-19,-9.4217e-19,-9.7337e-19,6.299e-18
7.9308e-05,-6.764e-05,-0.0011903,0.00021074,-0.0033241,0.0016391
0.00069589,0.00059746,0.0014963,-0.00089457,-0.0013087,-0.0009746
0.00021523,0.00055579,0.0017721,-0.0012975,-1.5576e-05,-0.00088166
-0.00034727,9.6075e-05,0.00028825,-0.0009251,0.00021003,0.0016193
-0.00037627,0.00061893,0.00066603,-0.00012995,0.0005402,0.0017062
-0.00016636,0.00071048,0.00060491,0.00020509,-5.7571e-05,0.00091336
0.0014696,0.0011321,0.0015891,0.00081186,0.00020675,-0.0015343
-9.1783e-19,4.7717e-20,-9.2225e-18,4.4707e-20,3.0685e-18,-3.6675e-18
0.00014709,-0.00053901,-0.0018561,0.00035214,-0.00039922,-0.0032493
-0.001668,-0.00029699,-0.00058669,0.00055372,0.00058562,-0.0014267
-0.00015926,0.0005972,-0.00021771,0.0004591,-0.00028478,1.7863e-05
8.2326e-05,0.00079464,-0.00058909,0.0001132,4.8399e-05,0.0017177
0.00094783,0.00082321,-0.0048544,0.001505,0.0011608,0.0058203
2.8763e-06,0.00021457,0.00044232,0.001432,0.001855,0.00028439
-0.00016535,0.00034981,-0.0093086,0.0017406,0.0025032,0.010879
-0.00037418,0.0010534,0.0010374,-0.00091568,-4.4241e-05,0.00099954
0.0017655,0.0028726,0.0095576,-0.00095384,-0.0031566,-0.0089516
-6.1903e-05,0.00012506,0.0085932,-0.00097844,-0.0042444,-0.0091433
-0.0010019,-0.0027559,-0.0060046,0.00045249,-0.00098775,0.0032587
0.00071354,-0.001818,-0.0031283,1.0983e-05,0.00084961,-0.00050674
-0.00026401,-0.00046933,-0.013051,0.00050917,0.0035509,0.011909
-0.00015186,0.00070703,0.00015126,0.00066609,0.00060319,0.0015396
-3.6612e-05,0.00056863,-7.0245e-05,0.00065982,-0.00091303,0.0028139
0.00077271,0.00097365,-0.0019718,0.00074587,0.00058895,0.0041064
0.0017632,0.00063358,-0.0022169,-0.00051542,0.0016653,0.0027237
0.00065975,0.00056434,-0.0012712,0.0003863,0.0020076,0.00031034
-9.1559e-05,-0.00044619,-0.0012519,-0.0011805,-0.0016254,0.00069493
-3.9389e-05,-0.00019739,-0.00053028,-0.00087785,-0.00049298,-0.00049657
0.0021063,0.0011439,0.0055649,0.00036945,0.0014309,-0.0066602
0.00031616,-0.00037275,0.00042275,0.0001057,0.001334,-0.0021216
-0.0013572,-0.0020502,0.0051591,-0.0027492,-0.0022418,-0.0075634
-0.00023278,-0.0013289,-0.0001259,-0.0033949,-0.0026997,0.00092249
0.0012129,-0.00023438,0.0090917,-0.0032166,-0.0034264,-0.0066135
0.001291,-0.00062654,0.00055149,-0.00071925,-0.00011991,-0.00091866
0.00012277,-0.0011186,-0.00042445,-0.00087993,0.0011527,-0.0021017
0.0013104,-2.9979e-06,0.006873,-0.0012295,-0.0011201,-0.0099539
-0.0013297,-0.00024241,0.0094104,-0.0015464,-0.0015245,-0.011892
-0.00085953,0.00025475,0.00022204,0.00011838,0.0017435,-0.0020931
-0.0020024,-0.00079026,-0.0040318,-0.00038379,0.003252,0.0036697
-0.00034245,-0.00067369,-0.0011365,-0.0012213,-0.00044294,0.0028978
0.001049,0.00048384,-0.0023306,-0.00073211,-0.0020476,0.0050536
-0.00098045,0.00081414,0.0022261,-0.00074347,-0.0011476,0.00067679
-0.00069427,0.00050965,0.0030391,0.0013751,-0.00051998,-0.0024529
-0.00032711,7.3464e-06,0.00091341,0.002637,0.0002149,-0.001269
-0.00040213,0.00011215,-0.00049211,0.00070388,-0.00095884,0.0003925
-0.0022659,1.1254e-05,-0.0039811,-7.348e-05,0.0003506,0.003089
-0.0010309,0.00063694,-0.0014871,0.00091868,0.0033944,-0.0020135
-0.0007094,-7.9177e-05,-0.0019317,0.0001084,0.0031328,0.0001088
0.001075,0.00036651,-0.0060102,-0.00045218,-0.00082884,0.0089851
-0.0015737,-0.00062414,-0.0044052,-0.00066141,-0.0024589,0.0079781
-0.0055213,-0.002516,-0.011099,0.0010432,-7.7314e-05,0.010743
-0.0028762,-0.00072384,-0.0094005,0.001678,0.0033033,0.0069387
-0.0002167,0.00063153,-0.00079605,0.00038114,0.0021151,-0.0022988
0.0017174,0.0013025,-0.0044761,-0.0014209,-0.0013416,0.0025818
-0.00029002,0.00020887,-0.0018499,-0.0024447,-0.0016853,0.00014144
-0.00047156,0.00053974,1.929e-05,0.00043733,-9.9156e-05,0.00024127
-0.00069356,0.00089146,0.00013964,0.0010597,-0.00042638,0.0020537
-0.00051076,0.00085238,3.6923e-05,0.00010338,-0.00031667,0.0022853
-0.00042224,0.00095313,1.7948e-05,0.00046373,0.0019399,0.0013159
-0.00032875,0.00060392,0.00051842,0.00017998,0.0021815,-0.00082882
-0.00027556,0.00086574,0.00060268,-0.00062393,0.0006944,0.00072923
-9.7674e-05,0.00074079,0.00021681,-0.00063976,-0.00013206,0.0006102
0.00012964,0.00057323,-0.00037118,0.00070476,-0.00082227,-0.00073759
9.4517e-05,0.00066318,-0.00065426,0.00078458,-0.0018706,-0.00017151
-8.2211e-05,0.00052816,-0.00066262,-0.00064492,-0.0014288,0.0003788
-0.0018696,-0.0004833,7.7831e-05,-0.0018684,0.00047914,-0.00040355
-0.00017669,0.00054879,0.0001549,0.00033842,0.0019124,-0.001145
0.00019265,0.00015061,-0.00070908,0.00049292,-0.00096975,0.0016828
0.00013981,0.00043238,-0.00067801,-0.00069695,-0.001796,0.0025844
-0.00022317,0.00055514,-0.00011342,-0.00032569,0.00032928,0.00041623
-0.0017212,-0.0001295,0.0020233,-0.00049804,0.0021615,-0.0028384
-6.8029e-05,-0.00015009,0.0002566,-4.8302e-05,0.00042183,-0.00054863
2.5639e-05,0.00012732,-0.00023919,-0.00024972,-0.00068537,0.00093923
0.00024063,3.8373e-05,-0.00092823,1.8165e-05,-0.002099,0.0018823
7.8213e-05,0.0003071,-0.00044505,0.0006747,-0.0018311,0.0017666
-0.0017664,-0.00059602,-0.0026352,0.00052845,4.1358e-05,0.0047803
-5.2403e-05,0.00053007,0.0012728,0.0016537,0.0020226,-6.3516e-05
-0.0015578,-0.00065088,-0.0068858,0.0024989,0.0035145,0.0070394
3.3431e-05,0.00027906,-8.9982e-05,0.00099752,0.0032131,-0.0020658
0.00010349,0.00037687,-0.00047574,0.0003829,0.0024978,-0.0019259
-5.0977e-06,-0.00013514,-0.00098167,0.001143,-0.00011518,0.00047114
-0.001523,-0.00078916,-0.0007681,0.00025608,-0.00010844,0.0030133
-0.0014058,-0.00057008,-0.0049896,0.00046817,0.00099317,0.0055932
-0.0011293,-0.00081724,-0.003966,-0.0014826,-0.0021821,0.0056239
-0.00014673,-5.7656e-05,-0.00057944,-0.0026105,-0.0029095,0.0033862
-0.00016046,0.00031336,0.0002971,-0.00010941,0.00022467,0.00038483
-6.8353e-05,0.00022482,0.00057742,0.0012462,0.0021097,-0.0016422
4.951e-05,-0.00034483,-0.00032662,0.00077166,0.00039953,-0.00092511
8.7415e-05,-0.0005628,-0.00052492,-0.00047988,-0.0018198,-0.00043124
-3.3944e-05,-0.00073223,-0.00073558,-0.0014042,-0.0024188,-0.00051863
-0.0014269,-4.0115e-05,-0.00047801,0.0008602,0.0032087,-0.0017306
-0.00099204,0.00058739,-0.011229,0.0038773,0.0080429,0.0097085
-0.00022589,0.00067748,0.00098694,0.0017004,0.0031117,0.00016102
-0.00030465,-0.00010367,-0.0020824,-0.0013715,-0.0019786,0.0059
-0.00033093,-0.0007265,-0.0028481,-0.002097,-0.002366,0.0039642
-0.00015531,-0.00018475,-0.0010976,-0.00073008,0.00021995,-0.00030393
0.0019604,0.00085461,-0.0046149,0.0012816,0.00058131,0.0020961
0.0017961,0.0011269,-0.0023947,0.00087771,0.00015602,0.0013942
-0.00035118,-0.00010503,-0.00012936,-0.00079516,-0.00032427,0.0015908
-0.003516,-0.001909,-0.0021084,-0.0011809,0.00074039,0.0030779
-0.0017843,-0.0006649,-0.0033138,0.00015372,0.00091434,0.0036578
-0.00017655,0.00014951,-0.00050774,0.00030253,-0.00021925,0.00034107
5.5395e-05,-0.00027357,-0.0018695,-0.00050104,7.2827e-05,0.0012903
1.5036e-05,9.7145e-05,-0.00059111,-4.7766e-05,0.00061106,-0.00010002
0.00012442,0.00029351,-0.00054952,0.00058002,-0.00011732,0.00067296
0.0011158,0.00075325,-0.0037161,0.0012279,-0.00031865,0.0043131
0.00019141,9.0949e-05,8.2289e-05,-0.0012253,-0.00017273,0.00069409
0.00052856,-0.00026379,0.0010384,-0.0014689,-0.0019346,-0.00025506
-0.00032731,0.00029749,0.0015292,-3.7227e-06,-0.00016272,-0.00021698
-0.00022428,0.00026001,0.0013008,0.00090005,0.00052168,-0.00079328
-5.5485e-05,0.00026359,0.0012066,0.00036295,0.00056776,-0.00034842
0.0017561,0.00085483,0.01259,-0.00097455,-0.0022084,-0.013115
0.00093452,-0.00018819,0.01499,-0.0021474,-0.0049922,-0.016239
0.00028233,-0.00028436,-0.00016341,-0.00041065,-0.0023012,0.00032062
0.00019771,0.00028048,0.00099934,0.00095244,0.00042341,0.00072805
-1.1971e-05,0.00035785,0.00083094,0.00043828,0.0013998,0.0010197
-0.00017522,0.00019582,-0.00043975,-0.00060403,0.0013001,-5.8864e-05
-0.00012032,0.00016424,-0.00098684,-0.00082604,0.0008206,-0.0008127
3.6297e-05,-6.1102e-05,-0.00035436,-2.7025e-06,0.00017483,-0.00047572
0.00054076,0.00076165,-0.00031486,0.0004159,0.0012526,0.0012147
5.6224e-05,-1.6078e-05,-5.0518e-06,-0.0017686,0.00055939,0.001324
0.00014827,-0.00036409,-0.0024155,-0.00090146,-9.0379e-05,0.0042545
0.00082032,1.8317e-05,-0.019221,0.0032537,0.0023798,0.020136
0.00040567,-0.00063374,-0.00089361,-0.00067452,-0.00055722,-0.000558
0.00091159,-0.00067196,-0.00081905,-0.0012585,-0.0011533,-0.0016636
0.00010112,-0.00016244,-0.00028876,-1.3338e-05,0.00038482,-0.0011206
1.2161e-05,2.4442e-05,0.00086253,0.00093525,2.8602e-05,2.1997e-05
-3.1911e-05,1.0319e-05,0.00060038,0.00031239,-0.00055762,0.0011955
-6.2424e-05,-0.00019025,0.00027633,-0.00096508,-0.00082724,0.0026935
-0.000172,-0.0001992,-0.00024289,-0.0012252,-0.00071696,0.0027135
-8.0937e-05,2.1874e-05,0.00011859,-0.00049489,0.0012794,0.000178
1.3808e-05,9.8127e-05,0.00043159,0.00030065,0.0017649,-0.0011546
0.00015147,-0.0001109,0.00052811,0.00086704,0.00023117,-0.00051897
0.0001572,-0.00021438,-0.00031437,-0.000591,3.3684e-06,-5.2128e-05
0.00020728,-0.00021751,-0.0015357,-0.001732,-0.00088994,0.00088189
0.0010099,0.00074347,-0.0058473,0.0012099,0.00093955,0.0065457
4.4274e-05,0.00030977,0.00075847,0.0011121,0.0010832,0.00077411
0.00023591,0.00045174,0.00054751,0.00062013,0.00071184,0.00041085
0.00010577,-6.5963e-05,6.3122e-05,-0.00046379,5.3938e-05,0.00053836
0.00029514,0.00044539,-0.00070496,-0.00024647,0.00057161,-4.2113e-05
0.0012345,0.00074745,-0.0038379,0.00049468,0.00068909,0.0030742
0.00012239,-0.00028658,-0.00093564,-0.0011187,-0.0013813,0.0013342
0.00021412,-0.00020757,-0.00099371,-0.0017788,-0.0026377,0.0026439
8.0739e-05,-8.8499e-05,-0.00057559,-0.0010043,-0.0013495,0.0018778
-0.00015578,2.5371e-05,-0.0003401,0.00023913,0.0016939,-0.00019237
1.1173e-05,-0.00026942,-0.00033456,-0.00031869,0.00062119,-0.00020813
-2.5486e-05,-0.00025588,-0.00015664,-0.00076949,-0.00066507,0.0017085
0.00021563,-0.0004601,3.0551e-05,-0.00020875,-0.0013341,0.00092239
0.00042894,-0.00054995,-0.00027528,0.00025154,-0.00098088,-0.0011628
0.00029492,-0.00034869,-0.001192,8.4274e-06,-2.7949e-05,-0.0021403
0.00016156,0.00011305,-0.0013169,0.00024325,0.0011974,-0.00118
6.8235e-05,0.00020242,-0.00087147,0.00078778,0.0010204,0.00047867
1.8937e-05,-0.00010381,4.7676e-06,-0.00016864,-0.00018091,0.00092801
9.571e-05,-0.00028369,-9.6082e-05,1.1743e-05,-0.00087808,0.00072323
0.0003445,-0.00062758,-0.00037269,0.00013661,-0.0016001,-0.00050413
0.00028725,-0.00015497,0.00010321,0.0003853,-0.00037048,0.00013386
0.00010362,0.00029446,1.0038e-05,-6.8502e-05,0.00095815,0.0010951
0.0010201,0.00066116,-0.0064011,0.001516,0.0014058,0.0064909
0.00026573,-0.00040657,-0.00026839,0.00056899,-0.00020282,-0.00077864
0.00034715,-0.00050859,-0.00016149,0.00052478,0.0006436,-0.0022135
0.00014597,-0.00051367,3.7369e-05,-0.000553,-0.00073371,-0.00055876
-3.314e-05,-3.5195e-05,0.00056832,0.00027056,-0.00072471,0.0012126
-6.9005e-05,8.4562e-05,0.00060028,0.00040801,4.7243e-05,0.0012944
-0.00010946,0.00012962,0.0001626,-0.00060297,0.00083381,0.00088973
5.7246e-05,0.00058893,0.00071759,2.6056e-05,0.00040286,0.00043776
2.168e-05,-6.8004e-05,0.00048677,7.4989e-05,-2.6219e-05,0.00059508
0.00050521,-0.00051668,0.0011195,0.00079978,-5.2546e-06,-0.0019794
0.0007682,-0.00091562,0.0015206,0.00021928,-0.00035558,-0.0040841
0.00039875,-0.00052103,0.016142,-0.0017931,-0.0022546,-0.018432
-0.00064842,-0.00099067,-0.0008374,-0.00030988,-0.00080481,0.00066997
-0.0016542,-0.00050917,-0.0010602,-0.0006784,-0.00015673,0.0034527
-0.00027204,0.00095395,0.0009292,-0.00021302,0.0010409,0.0018506
-2.1249e-18,4.2149e-18,3.5033e-19,1.0299e-18,-8.8063e-18,7.3526e-18
0.0023638,0.0012266,-0.0042475,0.0024049,0.0033446,0.0034498
-0.00022058,-0.00031125,-0.00028785,0.0010448,0.0018016,-0.00094571
-0.0015125,-0.0012078,-0.00096739,-0.00062214,-0.00024784,0.0016024
0.00032622,-0.0010811,0.00075155,-0.0021078,-0.0043838,0.00020101
0.00030271,-0.00053742,0.0017687,-0.00084496,-0.0023625,-0.002026
-0.00052997,0.0008972,0.00090141,0.002032,0.0033203,-0.00044976
-0.00056583,0.00093339,-0.00076786,0.0017147,0.0030291,0.0022817
-1.85e-18,-2.3034e-18,-2.3532e-18,-2.4911e-19,-2.2419e-18,-9.0225e-18
0.00025446,-0.00080831,-0.0019124,-0.0029277,-0.0034632,0.0025753
-2.0865e-18,4.0398e-18,7.7657e-19,1.0527e-19,-5.7896e-18,-4.5818e-19
0.00012749,-0.00024484,-0.0007754,-0.00089613,-0.00095232,0.00039654
1.8514e-18,3.8378e-18,2.3888e-18,6.948e-20,-2.3939e-18,-9.5547e-19
0.00010485,-0.00025282,-0.000551,-0.00077158,-7.042e-05,0.00040137
0.00023965,-0.00017282,-0.00069301,-0.00011839,0.00011528,0.00023937
4.8297e-05,0.00061078,-0.0014586,0.0007065,0.0011717,0.0016185
-0.00012669,-2.9404e-05,-0.00035702,0.00017939,0.00020686,-0.00037577
0.0001643,0.00049811,-0.0029282,0.00047599,0.0010339,0.0030843
2.4245e-05,-0.0002518,-0.00085661,-0.00062144,-0.00028722,0.00079384
6.9645e-05,-0.00032326,-0.00095536,-0.00073171,-0.00021914,0.0004755
0.0010119,0.00034484,-0.00079455,0.00085572,0.00065388,7.0708e-05
-2.3132e-05,-0.00017165,1.1493e-05,0.00035099,0.00033668,-0.00057855
-1.357e-05,-7.8183e-05,-0.00041262,-0.00088738,-0.000322,0.00038534
0.0013947,0.0012619,0.0012687,-5.9681e-05,0.00010028,-0.0016304
-0.000189,-0.00016499,1.7275e-06,-0.00077596,-0.0015686,0.0010026
0.0011866,0.00046204,0.0043571,-0.00050788,-0.0019896,-0.0035803
-0.00015511,-0.00029322,-0.00026753,-0.00045246,-0.00050271,0.0003199
0.0013725,0.0010249,0.0013092,0.00065286,0.0010968,-0.002387
0.0010967,0.0013274,0.0025979,0.00092435,0.001526,-0.0029861
-8.6289e-05,-6.2219e-05,0.0005305,-0.00031379,-0.0011989,0.0011501
0.00028013,-0.00077949,0.0014485,-0.0010969,-0.0029347,-0.0010898
-8.8312e-06,-0.00065711,-8.4669e-05,0.00088126,0.0017693,-0.0039047
-0.00026326,-0.00023732,0.0014356,0.0013669,0.003162,-0.0050337
-0.00051548,0.00015131,0.001402,-0.00020447,-0.0003918,0.0002296
-0.00032868,0.0001452,0.0005984,-0.0018124,-0.0024453,0.0029101
1.2124e-18,-7.0812e-18,-1.0634e-18,7.3152e-19,-6.9427e-19,-2.316e-18
0.00070272,0.0015368,0.0040183,-0.00058374,0.0018539,-0.00036582
-0.00021202,-0.00046853,9.8477e-05,0.00035334,0.00031022,4.4807e-05
-0.00010171,-0.00075228,-0.00095217,-0.00019581,-0.0020629,0.00060571
2.2217e-05,-0.00060634,-0.00075757,-0.00033145,-0.0016575,8.3923e-05
0.00070184,0.00019123,0.0014387,0.00086272,-0.00018671,-0.0025072
-0.00027712,-0.00048188,0.00027235,-0.00046149,0.00047556,-0.00068292
-0.00026192,-0.00051081,0.00062303,-0.00020011,-0.00089091,-0.00010234
-0.00040779,0.00022975,0.0039647,0.00035352,0.00034418,-0.0024725
6.6252e-07,0.00018349,0.0017507,0.0020135,0.00044145,0.00016727
6.2713e-05,0.00022948,0.0011235,0.0019806,0.00093753,-0.00011593
-1.0435e-05,0.00012465,-1.097e-05,0.0015975,0.002059,-0.0009597
7.6774e-05,0.0004296,-0.0011141,0.0024851,0.0038955,-0.0011117
0.00093161,0.00052755,-0.0083641,0.0035117,0.0057655,0.0061144
-2.0993e-05,-0.00020917,0.00070824,0.0021347,0.0024354,-0.001526
-0.00019324,-0.00020409,-0.00017657,0.00039022,-0.0013223,0.00080273
-0.00015214,-0.00054924,-0.00025882,-0.0012756,-0.0045264,0.0031575
-6.1246e-05,-0.00085286,0.00039226,-0.0017617,-0.0032593,0.0030749
-0.00030372,0.00012921,0.0002801,0.00026103,0.00056011,0.0017428
-0.00023905,0.00043163,-0.00050941,0.00068054,0.0012565,0.00052465
0.0029172,0.0020173,-0.0017068,0.001457,-2.5038e-05,0.00048763
0.0058007,0.0032202,0.0048926,0.00055406,-0.0010989,-0.0077784
0.0045084,0.0025617,0.007273,-0.00080463,-0.00089446,-0.0099743
0.001288,0.00074592,0.0076835,-0.0017563,-0.0021145,-0.0083258
-0.00066863,-0.00014343,0.0020029,-8.1744e-05,-0.00055416,-0.0011136
-0.00020385,-1.1409e-05,0.00068783,0.00093439,0.001154,-0.00070156
-0.00044357,0.00020102,1.2413e-05,-0.00033111,0.0018535,0.00028852
-8.5812e-05,-0.00025858,0.00028157,0.00084539,-7.5691e-05,0.0014704
-0.0015927,-0.0014951,-0.0063776,6.6721e-06,0.00014695,0.0084107
0.00010119,-0.00025608,-0.0015758,-0.0016022,-0.0011235,0.0017752
0.00038317,-0.00077509,-0.0036367,-0.0011776,-0.0012324,0.0032266
-0.00065077,-0.0014303,-0.0046835,-0.00018648,-0.00042291,0.0036341
0.00022704,-0.00050972,-0.00047213,-0.00061851,-8.9274e-05,-0.0010569
0.00010754,-0.00012425,0.0003013,-0.00045575,0.00080178,-0.0015631
0.00017305,0.00068717,0.0025997,0.00058498,0.0014017,-0.0030858
0.00042711,0.00097746,0.0022537,0.00051145,0.00049471,-0.00081796
0.001936,0.0018137,0.0029602,-0.0003132,0.00027075,-0.00030824
0.0017445,0.00059919,0.0029002,-0.0012667,-0.0011241,-0.0026467
0.00010441,-0.00053811,-0.00044928,-0.00089901,-0.0018396,-0.00041866
-0.003239,-0.0026492,0.0097128,-0.0021768,-0.0024299,-0.011603
-0.001464,-0.00086284,0.00086594,0.00052773,0.0010338,-0.0023669
0.00023778,0.00025081,0.00031619,0.00089517,0.001256,-0.0013106
0.00015241,0.0006337,-5.3876e-05,3.6746e-05,-0.00066246,-0.00027114
0.00010002,3.5937e-05,-0.00076905,-0.0014173,-0.0017618,0.0012343
0.00016825,-3.6496e-05,-0.00065991,-0.00078096,-0.0010657,0.0010163
0.00029998,-3.6934e-05,0.00011789,0.00049654,0.00026915,0.0012127
0.000253,-0.00022047,6.5613e-06,0.00065908,0.00020288,0.0013652
-0.00011876,-0.00041039,-0.0078068,0.0010284,0.00129,0.0086284
0.00010548,0.00052665,0.00020758,0.00092277,0.0011178,-0.0003601
0.0002347,0.00019527,8.514e-05,0.00071877,0.00044656,-0.0013673
0.00022276,-6.3077e-05,-0.0004695,5.4293e-05,0.00029924,-0.0017448
0.00026578,-0.00015069,-0.00015499,-0.00022298,0.00025883,-0.0025037
7.1624e-05,0.00011199,0.0006549,0.00027251,0.0010577,-0.0021777
1.6084e-05,0.00033094,0.0014693,0.0009293,0.00057658,-0.00056015
3.353e-06,5.7734e-05,0.00078884,0.00038458,0.00021128,0.00050212
-7.2203e-05,-0.0001246,4.1912e-05,3.9277e-05,0.00023072,-0.00029483
7.5136e-05,-0.00038961,-0.0010689,-0.0006797,-0.0020578,0.0013435
0.00015545,-0.00025568,-0.00051274,-0.00097893,-0.0029607,0.0019287
-0.00083318,0.0001148,0.011523,-0.00071123,-0.00036689,-0.012337
0.00042732,0.00062162,0.0019856,0.0014431,0.0028434,-0.0052381
0.0022108,0.00023793,0.0047759,-0.0012433,-0.0013411,-0.0071644
0.00013078,-0.0010776,-0.00092448,-0.0011136,-0.0028402,0.00053668
-0.0026288,-0.0015497,0.00022498,-0.00087832,-0.0011476,0.00050508
-0.00065515,9.8022e-05,-0.0007,-0.00010326,0.00014184,0.00093982
4.6839e-05,-0.00023069,-0.00026081,2.9701e-05,-0.0015626,0.00094275
0.00030637,-0.0011088,0.00030717,-0.0010849,-0.0032453,0.00057459
0.00050822,-0.00087982,0.0021366,-0.00093942,-0.0023711,-0.0028856
0.0010786,0.0010153,0.0084027,-8.7932e-05,0.00092905,-0.009556
-6.9771e-05,0.0010358,0.0012301,0.0011555,0.00397,-0.0028691
-6.9665e-05,0.0001226,-0.0002313,-0.001274,-5.9338e-05,-0.00015718
-0.0013726,-0.0010308,0.00013244,-0.0016643,-0.0017862,-0.00040861
-5.856e-05,-6.5635e-05,-0.00047059,0.0011993,0.00019278,-0.00059501
0.00031721,0.00049361,0.0011775,0.0016226,0.0010574,0.00080362
0.0012885,0.0014593,-0.00092072,0.00048202,0.00041683,0.0044474
0.0011101,0.0012093,-0.0036363,0.00061599,0.0012781,0.0053895
0.0011456,0.00081899,-0.0062824,0.0011278,0.0021732,0.0056405
-0.00042723,-0.00022111,-0.0014132,-0.00055802,0.00066128,0.0010486
-0.0024063,-0.0012888,-0.0046874,-4.7387e-05,0.0008066,0.0043763
-9.6248e-05,-4.2157e-05,-0.00093336,0.00071377,0.00017967,-6.4153e-05
0.001025,0.0010295,-0.0073838,0.0012605,0.0013892,0.0064508
0.0022142,0.0015054,-0.0024069,-0.00011066,-0.00038427,0.0015416
-7.0751e-06,-1.4625e-05,-0.00076528,-0.00043957,-0.00090969,0.00045545
-0.001654,-0.0010681,-0.0046404,0.00018163,-9.991e-05,0.0059111
-0.00020941,-0.00020041,2.402e-05,-0.00049572,-5.9266e-05,0.00070374
-0.00015473,0.00011315,0.00099262,-0.00052937,0.00078369,0.00033573
0.00012721,0.00062928,0.0021143,-0.00077461,-0.00037862,-0.00063613
0.00013198,-8.926e-05,-0.00034176,-0.00082563,-0.00097004,-2.3524e-05
3.6474e-05,0.00018336,3.3198e-05,0.0011185,0.00022113,-0.0017883
-0.00015652,0.00028653,-0.00021918,0.00065798,0.0010185,-0.0014904
-8.4051e-05,-0.00024282,-0.00073792,-0.00091651,-0.0014744,0.0012325
-0.00019146,-0.00026136,-0.00033223,-0.0008974,-0.0014538,0.0008959
-0.00013752,-1.3534e-05,0.00044566,-0.00051804,2.8672e-05,-0.00056939
3.3393e-05,0.00054664,0.0019107,6.909e-06,0.0013786,-0.0018982
-3.0067e-05,0.00024756,0.0010527,-0.00029453,0.0016447,3.3633e-05
0.0015188,0.0012834,0.00078426,0.00080538,0.0012455,-0.00048618
0.0023004,0.0011341,0.0032122,-0.00016529,-0.0010473,-0.0045721
8.4427e-06,-0.0003442,-0.00060383,-0.00083313,-0.00050532,-0.0013845
-0.00013717,-0.0001785,0.00023742,0.0005805,0.00032685,-0.0020123
-0.00039506,0.00014611,0.0011832,0.0015923,0.0011783,-0.0012716
-0.002588,-0.0012409,0.00075631,-0.00012279,0.00054342,0.00065075
-0.0016683,-0.0019092,0.00052527,-0.00085855,-0.0015583,0.00056271
-0.00025831,-0.00077361,-2.6256e-05,-0.00066324,-0.0019224,0.00080023
-0.00022673,-0.00015695,0.00096099,0.00099747,0.0002322,0.00032217
-0.00031293,0.00025435,0.0013882,0.001201,0.0011108,-2.0504e-05
-0.0045661,-0.0027475,-1.466e-05,-0.0010416,0.00080352,0.0015147
-0.0037715,-0.002648,0.00018895,-0.00079906,0.0004451,0.00066983
-0.0011167,-0.00031989,0.0020296,-5.3777e-05,0.00090971,-0.0026124
-0.00017269,-4.4327e-05,0.00055766,-0.00028505,-0.00017454,-0.00070817
-0.00027035,-8.1021e-05,0.00062462,-0.00061592,-0.00016944,-0.00097885
-0.00027828,-0.0001435,0.0011157,-0.0003287,0.00049994,-0.00090045
-0.00014131,-0.00015801,0.00099001,0.00094456,0.00041498,-8.258e-05
6.9427e-05,-0.00020394,0.0010592,0.00201,0.00049133,5.9861e-05
-0.00011679,-0.0001307,-4.8224e-05,0.00076407,0.0017694,-0.00060624
-0.0001149,-9.5927e-05,-0.00064942,0.00045777,0.0021655,-0.0011262
0.00011282,-0.00015156,-0.00076122,0.00043313,0.00016339,5.2034e-05
0.0002176,-0.00021988,-0.00044638,-0.00028682,-0.0021405,0.0016484
5.6559e-05,-1.9792e-05,-6.4657e-05,-1.3159e-05,-0.0014853,0.00089007
-9.8851e-05,1.1541e-05,-4.7613e-05,4.9e-05,-0.0010434,0.0011559
-0.00014794,-2.5836e-05,-0.00036752,-2.1746e-05,0.0003475,0.00075487
-0.00019357,0.00018576,4.3486e-05,0.0002532,0.0017645,0.00033242
-0.00013964,2.4856e-05,0.00022032,0.00026736,0.0011113,-0.00025134
-8.9728e-05,-0.00035434,-0.00081411,0.00038069,-0.00058795,0.0011003
-0.00096144,-0.00081315,-0.017049,0.0018571,0.0013178,0.017318
-0.00042265,0.00018047,-0.00081785,0.00037744,-0.00027772,0.0010259
-0.00017735,0.00029321,0.00030094,-0.00010176,0.00036542,0.00093353
-0.00012488,0.00034268,-0.00069719,0.00024644,0.0016492,0.00039775
-0.0018334,-0.00087063,-0.0059644,0.0015318,0.0025851,0.0040291
-0.0058298,-0.0030702,-0.0060046,0.0011513,0.0030781,0.0048668
-0.0024053,-0.0015981,-0.0068403,-0.00042661,0.00028091,0.0082586
0.0015706,0.00074078,-0.0035996,-0.001495,-0.0026235,0.0057035
6.3327e-05,0.00046861,0.00035956,-0.00015841,-2.4726e-05,0.00020359
-0.00011059,0.00018656,0.00063885,0.001858,3.9072e-05,-0.00080467
-0.00036443,-4.4224e-05,-6.9683e-05,0.00048431,-0.00057778,-0.00083996
-0.00028848,3.0287e-05,-0.00037896,-0.00071399,-0.00030039,-0.0017457
-0.00015522,-3.7388e-05,-0.00040548,-0.00054884,0.00021159,-0.0015094
-0.00037167,-8.9534e-05,0.00061169,0.00054397,0.0019743,-0.00039138
-0.00053857,0.00017355,0.00030124,0.00037333,0.003577,-6.6264e-05
-0.00057327,0.00020972,-0.00043118,-0.00092866,0.001826,0.001252
-0.00038676,0.00014694,-7.6293e-05,-0.00071592,-0.0005834,0.0016883
-0.00031322,0.00056051,0.0010534,-0.00026671,-0.00066326,0.0024319
-0.00032761,0.0010247,0.0006381,0.00024971,0.00067932,0.002095
-0.00024491,0.00044516,-0.0015967,-0.0005684,-0.0010751,0.0019107
0.00053872,-0.00043953,-0.0032174,-0.00065925,-0.0024853,0.00078778
-3.1505e-05,-0.00030418,-0.0012604,-0.00037005,-0.0025405,-0.00067499
-0.00016599,-6.6023e-05,-0.00017927,-0.00040822,-0.0023192,0.00054875
0.0010604,0.0016284,0.00052652,0.0011302,0.00091909,0.0017526
0.00089417,0.0023582,-0.0026125,0.0024944,0.0041509,0.005797
-0.00043507,0.0010457,0.001517,-0.0002417,0.0021625,0.0006241
0.00079532,0.00057392,0.0028955,-0.0014152,-0.00036816,-0.002657
-0.00010615,8.5236e-05,-0.00028725,3.3829e-05,-0.00066538,-0.00049509
-0.00027038,0.00041266,0.00050217,0.00043532,0.00097699,-0.00052104
-0.00061802,-0.00057641,-0.00095108,-0.0008262,-0.00039392,0.0022005
-0.0015198,-0.0015355,-0.0076275,-0.00055252,-0.0011044,0.0092198
-0.00011713,-0.0004205,-0.00099786,-0.0004302,5.8235e-05,0.00017714
-3.2929e-05,-0.00025901,-0.00043154,0.00040357,0.0010679,-0.0016979
8.5924e-05,-0.0006626,-0.00032579,-0.00091258,-0.0011051,-0.00034574
0.00033641,-0.00064716,0.0014504,-0.0011869,-0.0016693,-0.00084752
6.6383e-06,8.878e-05,0.00092204,-0.00069975,0.00053767,-4.7444e-05
0.00049443,0.00064781,0.0019479,0.00069824,0.00047464,-0.0016839
-0.00010144,-6.3827e-05,0.00019418,-5.6472e-05,0.00028434,-0.00053753
6.9522e-05,-0.00026573,6.5299e-05,-0.00050169,-0.0010588,-0.00064069
0.00023028,-0.00036819,0.00031992,-0.0004271,-0.00097168,-0.0022701
-7.0236e-05,1.98e-05,0.00084286,0.00028593,0.00022199,-0.0028099
-0.00025968,-9.6289e-05,0.00022053,-0.00051141,-0.00053589,-0.0012096
0.00025056,-0.00062032,0.0020881,-0.0010695,-0.0017484,-0.0024172
0.00013113,-9.7211e-05,0.0015049,-0.00029384,0.00038367,-0.0010279
-7.5493e-06,-9.559e-05,0.00053548,0.00047106,0.00068095,-0.001009
7.3649e-18,-1.9537e-18,1.1111e-18,-2.5421e-19,5.0445e-18,-7.1067e-20
0.0010361,-0.0013224,0.021559,-0.0031762,-0.0044894,-0.026345
0.0003904,0.00032622,-3.5841e-05,0.00078581,0.00061273,-0.00070876
0.0015643,0.0015642,-0.0034797,0.0016981,0.0011591,0.0038225
-9.2912e-05,0.00015202,-0.00044964,-7.6956e-05,9.9236e-05,-0.00014282
-7.7844e-05,7.2426e-05,2.2528e-05,0.00033116,-0.00014623,6.8049e-05
-0.0010814,-0.00049435,-0.0053388,0.00040654,0.00077716,0.0070154
-0.00031434,0.00043679,-0.00028074,0.0005911,0.00089794,0.002831
-0.00083486,-0.0003125,-0.013404,0.0013631,0.00091617,0.016137
-0.00023723,-0.0002343,-0.0003297,-0.00071999,-0.0015716,0.0011454
-8.7351e-05,-0.00082635,0.0015854,-0.0018873,-0.00097143,-0.0033017
-0.0002558,-0.0003221,0.014569,-0.0020007,-0.00080516,-0.017234
6.8194e-05,0.00048445,0.00077128,0.0015042,0.0033477,-0.0015899
-0.00016292,0.0013382,-0.013042,0.0032378,0.0058683,0.014424
4.4396e-05,-3.9612e-05,2.5279e-05,-6.6555e-06,-0.00032333,0.0019486
3.0648e-05,-0.00092827,-0.00092327,-0.0021807,-0.0028237,0.0020671
-0.00013955,-0.00014335,-0.00011113,-0.00019041,0.00086616,-0.0013177
-0.00020778,0.0002755,0.00060575,0.00095054,0.0030682,-0.0016112
-0.00017681,0.00071417,-0.00029325,0.00074223,0.00079455,0.0018976
7.8844e-05,6.672e-05,-0.00051453,-0.00044068,-0.0030668,0.0035881
0.00044462,-0.00035235,-0.00082465,-0.00023833,-0.0025218,0.0019107
0.00028923,5.7975e-05,-0.00034147,0.00081055,0.00011773,-0.00032997
2.962e-05,4.1257e-05,-0.00011481,0.00037209,0.00080293,-0.00085855
-0.00012327,-2.987e-05,0.00027282,0.00062692,0.0017226,-0.0011377
-6.5489e-05,-9.701e-05,-0.00042551,-1.5913e-05,0.0020409,-0.0020548
-0.00015938,4.295e-05,-0.00065341,-0.00026285,0.00072479,-0.00068119
-0.00012916,6.9253e-05,5.4801e-05,2.0647e-05,-0.0003676,0.00044096
-6.4208e-05,-0.00032742,0.0009875,-0.00081159,-0.0010478,2.1149e-05
0.00023747,-8.2167e-05,0.002011,-0.00089181,-0.00031733,-0.00068059
0.00075841,0.00062921,0.0016086,0.00023697,-0.0010015,-0.00053861
-0.00013208,0.0003394,6.7504e-05,-1.9461e-05,0.00052613,0.00035485
-0.00023495,0.00018626,-0.00011239,0.00024296,0.00057049,0.00019961
-0.0001524,-0.00022762,0.00030274,-4.9851e-05,-3.9992e-05,0.00029705
-0.00025818,-0.00017793,0.00093467,0.00021587,0.00048787,1.3149e-05
-0.0002715,-0.00021394,-9.5261e-05,-0.00048422,-0.00083581,0.00039422
-0.00014024,-0.00069391,-6.2355e-05,-0.0018486,-0.002754,0.0016875
-1.3233e-06,-0.00014767,-0.00013621,-0.00063112,-0.0014883,0.0015355
3.4459e-05,0.00035544,0.00041169,0.0020844,0.0039951,-0.0020701
-0.00018635,0.0010406,-0.015593,0.003655,0.0072984,0.01444
-0.0002389,3.7347e-06,0.00040241,-0.00072357,-0.0014837,0.0015297
0.0010347,-0.0011343,0.0014899,-0.0015478,-0.0044597,0.00050742
0.0043804,-0.00145,0.0025739,-0.0011479,-0.00094876,-0.0033709
0.0017321,-0.0027237,-0.00063506,0.00036191,0.0019115,0.00035161
-0.0024227,-0.0028902,-0.015086,0.00068401,0.0020974,0.018847
-0.0004473,-0.00066862,-0.0010074,-0.0031363,-0.0028459,0.0051096
-2.1172e-05,-0.00012473,-0.00039177,-0.00052594,-0.00090561,0.0011019
-8.5294e-05,0.00014813,0.00029626,0.0021121,0.0030987,-0.0024966
-0.00043893,0.00054986,-0.0005016,0.0017783,0.002993,-0.0012963
7.9021e-06,0.00018715,0.00091042,-8.6256e-05,0.00028411,-8.7652e-05
0.00011649,-0.00058281,0.0024257,-0.0016507,-0.0023084,-0.0005502
-0.00037697,-0.00057907,0.0026287,-0.0017026,-0.0010511,-0.0013512
-0.00014392,5.5056e-05,0.00028367,-0.00025912,0.0005905,-0.00060302
-0.00018006,0.00028246,0.00029238,-0.00052054,0.00062213,-0.00030888
-6.3236e-06,0.00012308,0.00052707,0.00018622,-0.00055124,0.00040265
0.00019306,-0.00041587,0.00084515,0.0010027,-0.00089653,-0.0010251
-0.00013622,-0.00047694,0.00031269,-4.1518e-05,0.00051152,-0.0022859
-6.9611e-05,-6.7828e-05,-0.00026317,9.6671e-05,0.00044956,-0.0013288
-0.00011947,-7.8975e-07,0.00023312,-0.00054325,0.00057217,-0.0004548
-0.00013171,0.00021614,0.00085217,5.8784e-05,0.00088872,-0.00014794
-0.00039432,6.6605e-05,0.00063112,-0.00036015,0.0007209,0.00045721
-0.0023195,-0.0015858,0.00078884,-0.001494,5.3288e-06,4.3709e-05
0.00024102,-0.00044293,0.0012468,-0.00049721,-0.00024573,0.00029087
0.0023724,0.00055904,0.0051862,0.00051399,-0.0012676,-0.0047893
-0.000721,-0.00051911,-0.0068293,0.0010829,0.0015406,0.0066929
-0.0020299,-0.00085078,-0.0113,0.00064546,0.0031938,0.011111
0.00031098,-0.00039185,0.00036176,-0.00078092,-0.00098965,-0.00012351
0.0022944,0.00054882,0.018713,-0.0016708,-0.0053282,-0.018495
-0.00013721,0.00014346,0.0007449,0.00016545,-0.00059328,0.0013439
-0.00066509,0.00065957,0.00049276,0.00093986,0.0024481,0.0015613
-0.0015048,-2.8847e-05,-0.009031,0.0013186,0.0040128,0.011277
-5.5841e-05,-5.1839e-05,0.00031502,0.0006623,0.00055988,-6.954e-05
-0.00012134,-0.00077227,-0.00042526,-0.00016418,-0.0010068,7.4191e-05
-6.6159e-05,-0.00017517,0.00054411,0.00028304,0.0001893,-0.0001786
-6.0479e-05,-0.00012205,0.0013333,0.0025901,0.0027876,-0.0023302
-0.0002882,0.00024419,0.00076003,0.0027953,0.0047054,-0.0034048
7.8814e-05,2.6368e-06,0.00017853,-0.00042847,0.00063962,-0.00053572
0.00018839,-0.00081174,-0.00024251,-0.00068617,-0.0031864,0.0017223
-0.0020482,-0.0020165,-0.0053389,0.00072447,-0.0003726,0.0062704
6.1986e-05,-0.00026762,-0.00020818,0.0014956,0.0011583,-0.0006336
-0.0014531,-0.00089165,-0.0065563,0.00015001,0.0016412,0.0054421
-0.00016032,4.1093e-05,-0.0010412,0.00043798,-0.00012066,-0.00033034
-2.7539e-06,0.00017716,0.00030047,-1.2583e-05,0.00065857,-0.00053186
0.0018736,0.0011168,0.0052783,-0.0005464,-0.00080537,-0.0036474
-6.3271e-05,2.4697e-05,0.00085965,-0.0024514,-0.00021045,0.0012721
0.00024296,4.0269e-05,0.0013698,-0.001866,0.00018787,-0.00091999
-0.00023324,0.00013268,0.0018871,0.00036785,-0.001107,0.0001071
-0.0019743,-0.001608,0.0046553,-0.0018522,-0.0031599,-0.0027448
0.00044941,-0.00064106,0.00038057,-0.0011911,-0.0029552,-0.00081345
0.0012039,-2.7448e-05,0.013965,-0.0014686,-0.0024061,-0.01611
0.00034487,0.00043607,0.001333,0.0021693,0.0030152,-0.003264
0.0024077,0.0014145,0.0050968,0.001416,0.00035645,-0.0045716
0.00019284,-0.00054555,0.0022017,-0.0020361,-0.0022973,-2.7564e-05
-0.00076268,-0.0014241,0.012354,-0.0030273,-0.0043379,-0.012246
-2.3363e-05,-0.00056238,0.0004135,-0.00044703,-0.0020116,6.7466e-05
-6.9374e-05,-7.4163e-05,0.00052006,0.00062121,-0.0011722,-3.6609e-06
-0.0013716,-0.00033903,-0.0022786,-0.00055181,0.00080722,0.0025484
-1.1162e-05,0.00027521,-0.00031026,-0.0014678,0.00048391,0.0013975
-0.0010873,-0.00091863,-0.0092552,0.0003504,0.00028418,0.010045
-0.0024723,-0.0013035,-0.0055424,0.00037035,0.0002226,0.0042234
-1.003e-05,-1.0486e-05,-0.00069074,0.00040936,0.0009165,-0.00039025
0.00303,0.0018493,-0.011032,0.0030728,0.0030606,0.013229
0.0024236,0.0021067,-0.0066592,0.002488,0.0031047,0.01047
-0.00014025,0.00050748,0.00094206,0.00080958,0.0018888,0.00061642
-0.00051834,0.00011191,0.00037885,0.00047927,0.00087003,-0.00035769
-0.0015858,-0.0017613,0.0057311,-0.0019535,-0.001082,-0.005836
-5.0103e-19,-7.9265e-18,-1.0508e-18,3.1988e-20,7.2268e-18,1.0941e-18
-0.00307,-0.0026615,-0.0069001,-0.00015831,0.0025839,0.0069515
0.00052206,0.00028535,-0.0010263,0.00079351,2.7455e-05,0.0021771
0.0010025,-0.00012557,-0.0020578,0.00049183,-0.0010925,0.0032308
-4.8594e-19,-2.0522e-18,1.9539e-19,-9.2397e-19,1.1137e-17,-1.4359e-19
0.00049997,-0.00051106,0.00015539,0.0012189,-0.0004765,-0.00038033
-0.00029033,-0.0006178,-0.00035801,-0.00040374,0.00032051,-0.00025799
-0.00014412,-5.8058e-05,-2.044e-05,-0.00055433,0.00053183,0.00048983
0.00013408,-6.0172e-05,7.8976e-05,-0.00010526,1.2827e-05,0.00078939
0.00021132,0.00033051,0.00091549,0.00021115,0.00087333,-0.00023223
0.00046017,0.00034614,0.0015488,0.0010762,0.0011293,-0.0015526
0.00063958,-0.00030326,3.4393e-05,0.00072806,0.00014203,-0.0014103
0.0003415,-0.00039951,-0.00065502,0.00035743,0.00070267,-0.0007017
-0.00018161,0.00015102,0.0019935,0.00047726,0.0016906,-0.0012447
-1.0651e-05,0.0001015,0.001534,-0.00035371,0.0010396,0.00060864
1.8309e-18,-1.8325e-18,8.7493e-19,-2.2202e-19,-1.3736e-17,6.7611e-19
-0.00082766,-0.0018679,0.0036552,-0.00021752,-0.00064979,-0.001356
0.00031634,4.7733e-05,0.00090851,0.0006613,0.0014549,-0.00083413
0.00047285,-0.00013423,0.00044049,0.00048613,0.0013163,-0.001485
0.00067611,-0.00055584,5.6246e-05,0.00098379,-0.00027707,-0.0012098
0.00055085,-0.0010343,-3.196e-05,-1.4955e-05,-0.0021024,-1.9141e-05
-0.0012722,-0.001642,-0.001285,-0.0015172,-0.0011747,0.0013091
0.00011002,-1.5137e-05,-0.0011535,-0.00062189,0.00015546,-0.00010909
0.00020279,0.00014797,-0.00075114,-0.00023593,0.00037359,-0.00027796
-2.3679e-18,1.6745e-17,1.6177e-19,-5.418e-19,-9.1297e-19,4.154e-19
0.00057951,-0.00055458,0.00063349,0.00068353,-0.0008075,0.0032804
-5.4284e-19,-3.9854e-19,2.5906e-19,-1.5154e-18,6.4536e-18,2.6998e-19
-0.0004502,-0.0011756,-0.0021936,0.00065777,0.00010248,0.0024085
0.00033914,1.968e-05,3.8549e-05,-0.00018877,0.00033473,-0.001727
0.00045162,-0.00025339,0.00052866,5.0706e-05,-2.5141e-06,-0.0013434
-2.2672e-18,-1.2874e-17,-2.4693e-19,-1.3663e-18,-5.9437e-18,1.2144e-19
0.00045372,-0.00037253,0.00095382,0.0022326,-0.00032066,0.00040221
-1.1668e-18,-1.2808e-17,1.1125e-18,-1.969e-18,4.7068e-18,-5.4087e-19
0.0002784,-0.001105,0.0010844,-0.00056437,-0.0018104,0.00017875
0.00029321,1.8231e-06,0.00099967,0.0012055,0.00012432,-0.00037028
0.0028575,0.0015591,0.0022789,0.0014019,0.0002634,-0.0015157
0.0066279,0.0041175,0.0071404,0.0022287,0.00020308,-0.0064818
0.0027007,0.00091066,0.0082078,0.0010324,-0.001616,-0.0082162
-0.00069149,-0.0013549,0.0033468,0.000239,-0.0010901,-0.0043422
-0.00056401,-0.0016468,-0.0022169,0.00019239,-0.0020598,0.00075571
0.00032669,-0.00070799,-0.0014337,8.5836e-05,-0.0019779,0.00076897
-0.00050354,-0.00038436,-0.00080163,0.00019286,0.00036225,0.0015098
-1.4349e-18,1.4802e-17,-5.2089e-18,-5.8245e-19,3.1936e-19,8.5984e-19
-0.0010259,-0.0011773,-0.006213,0.00061686,0.0018639,0.0080398
0.00051241,-0.00044786,-0.00083565,0.0006634,-0.0011721,-1.8164e-05
-9.1221e-19,-3.9298e-18,-2.9153e-18,-3.9464e-19,5.1868e-19,1.4006e-18
-0.0089077,-0.0049667,-0.016544,-0.0024478,0.004441,0.013982
-0.0027813,-0.0012933,-0.0097299,0.00048651,0.0014534,0.009448
0.0026957,0.0020975,0.0061645,0.00042293,-0.0013796,-0.0061717
0.0033774,0.0024056,0.017258,-0.0014643,-0.0022486,-0.018392
-0.0010694,-0.00044675,0.011048,-0.0023389,-0.0013257,-0.012682
-0.0027273,-0.0011972,-0.0091771,0.00065946,0.00072135,0.0093183
0.00061107,0.00018635,-0.001155,0.0013003,-0.00091527,0.0021038
0.002305,0.00082584,-0.00067956,0.0011685,-0.00031885,-0.00010687
0.0019144,0.0008935,0.0061448,-0.00022728,-0.00030386,-0.0081901
6.1445e-05,0.00069164,-6.6048e-06,0.00070829,0.0017147,-0.00057021
-0.0010546,0.00058711,-0.01285,0.0019304,0.0041971,0.014156
-0.0002601,-0.00020846,-0.00063512,-0.00065866,-0.00033731,0.0007848
-0.0011619,-0.0012601,0.005782,-0.0024215,-0.003094,-0.0062522
0.00012296,0.00013416,0.0015036,-0.00082401,-0.0017936,-0.0012459
0.00016844,0.00092762,0.0010713,-9.8472e-05,0.0011647,-0.0006396
0.001182,0.0015224,-0.0051699,0.0012847,0.0028098,0.0053507
0.00010508,0.00087341,-0.0013521,0.0017283,0.0026622,6.4396e-05
0.00030424,0.0007581,-0.0021754,0.0012139,0.0021614,-0.00063838
0.0015787,0.00071957,-0.0016096,-2.7634e-05,-0.0014784,0.00081276
1.7446e-05,8.2605e-05,-0.000551,-0.00094493,-0.0024072,0.0016267
7.7493e-05,0.00068221,0.000131,-0.00020339,-0.00013435,0.00022449
8.9071e-05,0.00013983,-0.00012287,-0.00083371,0.0003016,0.00040368
0.00012905,-1.052e-06,0.00011472,-0.0002271,-0.00012245,0.00073941
0.00083957,0.00083163,-0.002072,0.00087505,0.00058982,0.0025378
0.00012636,-8.2205e-05,-0.000178,9.046e-06,0.00034803,-0.00039676
0.00066517,-0.00029384,-0.0012493,0.00084006,-0.00034765,-0.0008885
0.00049778,-0.0002721,-0.0017306,0.00020717,0.0011209,-0.0014735
0.00034072,8.4743e-05,-0.0011322,0.00086537,0.001011,-0.00038194
-8.3471e-18,-3.6996e-18,-1.4017e-19,-2.0205e-18,1.3868e-17,-6.9582e-21
-0.00014608,-0.000294,-0.019387,0.0011246,0.00089202,0.023018
0.00011695,-0.00016496,-0.00049008,-0.0018582,-0.0020714,0.0031902
0.00097289,0.00086379,-0.0018804,-0.0010766,0.0003271,0.0041262
0.00010958,0.0009627,0.00064914,0.00037563,0.0023853,-0.00039618
0.00019369,0.00079063,0.00091594,0.00066597,0.00201,-0.001121
0.00043369,-0.00024957,-0.00016224,-0.0003906,4.6254e-05,-0.00097156
0.00060505,-0.00037957,-0.00080526,-0.00074637,-0.0012182,-0.0012443
0.0017088,0.00085709,0.0050283,-8.2463e-05,-0.0011024,-0.007869
0.00021084,0.00078332,0.00089373,0.0018435,0.0019933,-0.0030057
0.00016745,0.0010085,0.0011158,0.001891,0.002755,-0.0024256
0.00030154,-0.00028768,-0.00045363,-0.0014313,-0.00095281,5.7037e-05
0.0005784,-0.0010941,0.00059835,-0.0031413,-0.0035192,-4.7473e-05
0.00080847,-0.00010382,0.010148,-0.0023176,-0.0033834,-0.0087812
0.000135,0.000694,0.000415,0.0020257,0.0011192,0.00076822
0.00013372,0.00090315,-0.0011591,0.0012362,0.0021524,0.0012764
0.00025092,0.00020211,-0.0013312,-0.0014227,-0.00030998,0.0012843
0.0003783,-0.00024058,-0.0014969,-0.00060062,-0.0016427,0.00086498
-0.00031056,-0.0011526,-0.013726,0.0014578,0.0012088,0.012486
-0.00048259,-0.0010355,-0.0093518,0.0010363,0.00081818,0.0083133
0.00019848,-6.7265e-05,-0.00039493,0.00046428,0.0002318,-2.7891e-05
2.5871e-05,0.00032673,-0.0001432,0.00099778,0.0018234,0.00015537
-1.7195e-05,0.00050111,-0.00035408,0.00020919,0.00072105,0.002007
3.2644e-05,0.00028817,-2.1961e-05,-0.0010641,-0.00079283,0.0025286
0.00090019,0.00055323,0.00029799,-0.0010781,-0.0007751,0.0022526
0.0012112,0.00086365,0.0052327,-0.00035997,-0.00099162,-0.004592
0.00019428,-4.1009e-05,-0.00023876,0.00015601,-0.00012993,-0.00098463
0.00053724,5.9332e-05,-0.00084608,0.0018198,0.00022562,-0.0027562
0.0013497,0.0010077,-0.0056547,0.0027061,0.0015833,0.0018905
0.00027493,-4.8617e-05,-0.00078607,0.00043674,3.0996e-05,-0.0013302
7.795e-05,0.00011913,-0.00053473,-0.00082285,-0.00070544,0.0010507
4.5499e-06,5.9414e-05,-0.00073409,-0.0015893,-0.00068274,0.0026321
-0.00021826,0.00038994,0.00023052,-0.0010841,0.00035543,0.0028037
-0.00034048,0.00037995,0.00054121,-0.00043235,0.00048192,0.0025194
-0.00034267,-1.3306e-05,-0.00011365,-0.00042048,-0.00076252,0.0020335
-0.00024954,-0.00016613,-0.00054137,-0.00085517,-0.00057107,0.00073093
2.9507e-05,-8.6275e-05,-0.00060949,-0.00034786,0.00014328,-0.00092814
-0.00056757,-0.00029387,0.0012711,0.00030732,0.001483,-0.0043566
4.4701e-05,-0.00082134,0.0001245,4.5945e-05,0.0015093,-0.0032605
0.00080442,-0.0016357,-0.00068877,-0.0015956,-0.0031435,-0.00066824
0.0026366,-4.8782e-05,0.00067686,-0.00070415,-0.0052488,-0.00058531
-4.457e-05,-4.3577e-06,-2.9695e-06,-0.00067878,-0.001993,0.0010539
-0.0010941,0.0012891,0.0024445,-0.00019765,0.0032729,-2.1639e-05
-0.0011882,0.0018703,0.0020388,0.00072815,0.0039258,-0.00029709
-0.00050232,0.00074469,0.00051246,-0.00028868,-0.001621,-0.0011845
-9.6633e-05,-0.002001,0.02879,-0.0067277,-0.010826,-0.033416
0.00066648,-0.0029755,0.021141,-0.0058374,-0.010045,-0.026504
0.0014546,-0.0013097,0.012756,-0.0018221,-0.0041809,-0.016111
1.0796e-05,4.4359e-05,0.00025233,0.00060033,0.00029054,-0.0013732
-0.0001474,0.00094498,-0.00090663,0.0011133,0.0012781,0.00070169
0.00075679,0.0019136,-0.013955,0.0038307,0.0042339,0.01422
-0.00045268,9.7172e-05,-0.000258,0.00055225,0.001264,0.00097163
0.00034338,-0.00060242,-0.0014687,-0.0013014,-0.0013111,0.0021496
0.001558,0.001272,0.0026237,-0.0013643,-0.0030503,-0.0032203
-0.00073336,0.00092277,0.00044903,-6.6062e-05,-0.0019897,-0.00042779
-0.00080119,0.0015913,0.00058337,0.0023785,0.00012512,0.0007165
-0.00023818,0.0023527,-0.017834,0.0060178,0.0055705,0.020933
-0.0013119,0.00058831,-0.012567,0.0032556,0.0064009,0.015051
0.00023249,-0.00045235,0.00052276,0.00021218,0.0017978,-0.00058334
0.00056422,-0.00085542,-0.00048209,-6.4493e-05,-0.0013599,-0.0023908
-0.00014175,-0.00035195,-0.00045295,0.00019676,-0.0005276,-0.0017055
-0.00095809,0.00015312,0.00033111,-0.00014776,0.00059976,0.0016021
-0.0025782,-0.00055516,-0.01811,0.00045923,0.0025082,0.023344
-0.00044856,0.00081241,-0.0026586,-0.00075217,-0.00073401,0.0052105
-0.00081139,0.0013504,-0.0018576,-0.00044854,0.0012315,0.0029542
0.00017815,0.0015135,-0.0010971,0.00035878,0.0022388,0.0023308
-0.00044725,-0.00035139,0.00069435,-0.00073969,0.0020759,0.00028951
-0.00014741,-0.001231,-0.00080019,-5.5896e-05,0.0014065,0.00034755
-0.0015683,-0.0024241,-0.014837,0.0010394,0.0020548,0.012063
-3.9608e-05,-0.000448,-0.001863,0.00017326,-3.1585e-05,-0.001853
-0.00062731,5.2413e-05,-0.0011613,0.00036672,0.0017194,-0.0012791
-0.00071767,-5.5756e-05,-4.6189e-05,0.00016676,0.0016568,6.2871e-05
-0.00063898,-0.00044338,-0.0002818,-0.0009401,-0.00052441,0.0031051
-0.00049125,-0.00092322,-0.00012148,-0.0013434,-0.0020362,0.0047514
-0.00061294,-0.00090388,0.00037256,-0.0010185,-0.0016153,0.0045562
-0.002786,-0.00093585,-0.00094387,-0.00088914,0.0010091,0.0036355
-0.0022348,-0.00098433,-0.0051935,0.00049363,0.002485,0.002881
8.5077e-05,-0.00064942,-0.0018463,-0.00098072,-0.0013019,-0.0016991
0.0026828,6.9064e-05,0.019799,-0.0028878,-0.0073555,-0.0232
0.0018463,4.5161e-05,0.020153,-0.0019239,-0.0063334,-0.023199
7.6452e-06,-0.00031357,-0.00041481,0.00068995,-0.0010635,-0.0018906
-0.00037934,9.5712e-06,0.0014864,0.00021648,0.001468,-0.0027835
-0.00068675,0.00052982,0.0015617,0.00041375,0.0030578,-0.00073945
-0.0010303,0.00077449,0.0017519,-0.00086788,0.0022235,0.0025077
-0.00092335,0.00064458,0.0021295,-0.00057487,0.00052684,0.0048043
-0.00086997,0.00037934,0.001538,0.00017373,0.00048962,0.0035604
-0.00034902,1.1008e-05,0.00060674,0.00081537,0.0007873,0.00041478
8.1087e-05,-0.00010422,9.9706e-05,0.00081645,-5.1812e-06,-0.0013557
0.0017644,0.00052096,0.008076,0.00057342,-0.0019364,-0.011481
0.00032661,-0.00043396,-0.0017318,-3.8489e-07,-0.001241,-0.0023192
0.00012547,-0.00028508,-0.0017835,-0.00013331,-0.0014379,-0.00059445
-0.00011414,-0.00015716,-0.0011679,-0.00057917,-0.00047308,0.00071727
-0.00032437,-7.3572e-05,-0.00029689,-0.00025813,0.0013253,0.00083969
-0.00044823,-0.00015424,-0.0022744,2.4334e-05,0.00067545,0.0042065
-7.9525e-05,0.00019178,-0.017416,0.0011946,0.0010075,0.020584
-0.00031647,0.00038908,0.00069865,-0.00048027,9.6131e-05,0.0019688
-0.00069272,5.6374e-05,0.002056,0.00014609,0.00076908,-0.0010187
0.00028106,-0.00023309,0.000435,0.0018068,0.00033181,-0.0020384
0.00041975,-0.00022109,-0.00053117,0.0012456,0.00014995,-0.0024897
0.00024755,-0.00021367,-0.0015336,-8.9615e-05,-0.0004571,-0.0012856
8.5092e-05,-0.00015949,-0.0016192,-0.00027301,-0.00097503,0.00015781
-0.00023041,3.7048e-05,-0.0014705,-7.2164e-06,-0.0010424,0.0021004
-0.00082264,0.00045181,-0.00084321,0.00015678,0.00068488,0.0038075
-0.0012257,0.00069906,0.00039422,1.2793e-05,0.0027937,0.0038608
-0.0014372,1.2007e-05,0.00058672,-0.00051343,0.0025682,0.0035762
0.00022067,0.00015464,0.0005017,-0.00036672,0.0004938,0.001242
