2.0522,-7.8569,33.408,-55.795,29.541
3.2778,-9.2149,33.593,-55.671,29.726
6.4418,-11.002,33.665,-55.662,29.457
8.9738,-12.667,33.767,-55.298,29.008
10.707,-13.52,33.757,-55.719,29.505
12.216,-14.27,33.716,-55.566,29.469
13.428,-14.909,33.949,-55.391,29.122
15.194,-15.007,34.102,-55.801,29.342
16.545,-15.107,34.195,-55.751,29.334
17.767,-14.966,34.506,-55.432,29.085
18.584,-14.618,35.568,-55.665,29.14
19.642,-13.951,36.533,-56.198,29.532
20.505,-12.715,37.459,-56.091,30.087
20.987,-11.534,38.038,-55.713,29.745
21.034,-10.409,37.91,-54.766,30.405
20.495,-9.0573,39.488,-54.534,28.18
20.3,-7.1806,39.896,-53.638,27.822
19.718,-4.7556,40.863,-53.706,28.042
19.009,-2.4873,41.382,-53.557,28.274
18.111,-0.70666,41.634,-53.381,28.142
17.592,1.0039,42.038,-53.962,28.72
14.801,3.881,42.17,-53.611,29.601
13.533,5.6269,42.343,-54.073,30.387
11.463,6.8111,42.375,-53.493,29.97
9.1176,8.2919,42.211,-53.421,29.753
7.0202,9.4654,41.908,-53.567,29.999
4.9224,10.77,41.893,-54.21,29.725
2.6321,11.932,41.491,-54.393,30.119
0.43187,13.137,40.996,-54.621,30.252
-0.58947,13.521,40.104,-55.036,30.774
-1.9571,14.183,39.106,-55.743,31.865
-3.4278,14.603,38.128,-56.644,32.3
-5.1286,15.225,37.018,-57.568,33.292
-5.9226,14.859,36.265,-58.173,33.97
-6.5274,14.359,36.165,-58.663,34.337
-7.2297,13.592,35.727,-58.991,34.47
-7.615,12.507,35.138,-59.133,34.655
-7.6404,10.917,34.531,-59.015,34.326
-6.8002,9.2641,34.363,-58.977,34.144
-6.1109,7.8137,34.418,-58.983,34.01
-5.5555,6.4626,34.364,-58.773,33.613
-4.8461,5.5836,34.252,-58.589,33.342
-2.1428,3.2362,33.984,-58.944,34.107
-0.69625,2.2303,33.818,-59.05,34.373
0.62713,1.0988,33.93,-59.221,34.565
1.6557,-0.14468,34.31,-59.195,34.473
2.6076,-1.0497,34.682,-59.512,34.531
5.3542,-2.9794,35.034,-59.37,34.765
7.2112,-3.9123,35.398,-59.158,35.071
9.9196,-5.1273,35.707,-59.473,35.74
11.941,-5.9194,36.005,-59.574,35.719
13.516,-6.5959,36.433,-59.241,35.896
16.435,-7.2055,36.892,-58.764,35.916
17.799,-7.8478,37.916,-57.998,35.756
19.401,-8.0388,39.739,-58.144,35.3
20.83,-7.8667,40.416,-57.631,34.657
21.567,-7.6072,41.02,-56.848,33.652
23.035,-6.6534,42.242,-56.474,33.297
24.724,-5.2226,42.587,-56.362,33.417
25.633,-4.2849,43.498,-56.209,34.069
26.096,-3.3927,44.629,-55.842,34.238
26.196,-2.3129,45.52,-55.724,34.445
25.809,-1.1314,46.334,-55.348,34.373
24.887,0.16756,46.87,-54.612,33.982
24.025,1.5009,47.251,-54.235,33.474
21.725,2.9589,47.57,-53.524,32.771
19.808,3.692,47.87,-52.563,31.086
18.152,4.0493,47.037,-52.055,30.758
16.191,3.87,46.322,-51.194,29.045
14.131,3.7148,45.179,-51.609,29.826
11.794,3.6529,44.139,-52.051,28.766
9.7522,3.2684,43.397,-52.842,27.994
7.622,3.2379,42.84,-53.675,27.585
5.5484,2.9101,41.461,-54.435,30.249
3.1564,2.7512,39.981,-54.396,30.38
1.7419,2.8051,38.906,-55.549,31.628
0.93867,2.7454,37.452,-56.055,31.166
0.70824,1.6968,36.455,-57.063,31.266
0.5121,0.66759,35.376,-57.87,32.237
0.76955,-0.66095,34.546,-58.503,32.573
1.4295,-2.0899,34.206,-59,32.895
2.1434,-3.5649,33.794,-59.094,32.899
3.2088,-5.1056,33.54,-59.166,32.957
4.2832,-6.5944,33.363,-58.991,32.933
5.5954,-8.0264,33.311,-59.267,32.64
6.9105,-9.4246,33.158,-59.218,32.979
8.7456,-10.706,32.936,-59.578,33.416
9.632,-11.73,33.278,-59.383,33.121
10.788,-12.438,33.145,-58.947,32.837
12.024,-12.956,33.234,-58.772,32.974
13.372,-13.432,33.519,-58.401,32.661
15.024,-13.593,33.993,-58.636,33
16.215,-13.862,34.399,-58.221,32.886
17.28,-13.602,34.891,-58.044,33.223
18.47,-13.267,35.592,-57.774,33.082
19.323,-12.747,36.596,-57.543,32.606
20.566,-12.311,38.174,-57.639,32.25
21.391,-11.293,38.854,-57.199,31.804
22.183,-9.9108,38.922,-56.253,31.923
22.203,-8.9867,39.914,-55.782,31.749
21.957,-7.7509,40.568,-55.261,31.77
21.233,-5.9544,41.022,-54.825,31.611
20.915,-4.7344,41.291,-54.83,31.197
20.103,-3.8584,41.672,-54.66,31.305
18.912,-2.8801,41.901,-54.58,31.314
17.394,-1.9006,41.751,-54.407,31.364
15.599,-0.78979,41.776,-54.499,31.567
13.616,0.27298,41.368,-54.508,31.546
11.733,1.0672,41.087,-54.933,30.574
9.9649,2.328,39.453,-55.31,32.153
7.9962,3.1958,39.332,-56.348,32.435
6.2745,3.7679,37.811,-56.397,32.549
4.6167,4.6782,36.919,-56.659,31.302
3.0955,5.0079,35.872,-57.352,31.123
1.9257,5.4811,33.994,-57.91,30.599
1.2753,5.3698,33.228,-58.451,30.658
0.39065,5.3336,32.215,-58.501,30.12
0.030553,4.5144,31.482,-58.414,30.084
-0.2423,3.0809,30.847,-58.124,29.391
0.54491,1.4234,30.35,-58.265,29.459
1.4015,0.13331,29.934,-58.349,29.392
2.1118,-1.3923,29.286,-58.281,29.074
3.1582,-2.8954,28.893,-58.344,28.999
4.8216,-4.6565,28.33,-58.505,29.011
6.3798,-6.2036,28.064,-58.781,29.437
7.0726,-7.0508,27.993,-58.899,29.751
8.9076,-8.4103,28.089,-59.25,29.678
11.254,-9.8643,28.041,-59.111,29.485
12.407,-10.874,27.998,-58.724,28.964
13.956,-11.815,28.168,-58.55,28.731
15.097,-12.568,28.326,-58.514,27.968
16.866,-13.495,28.674,-58.415,28.791
18.236,-14.013,29.093,-58.456,28.117
19.801,-14.406,29.367,-58.005,27.614
20.874,-14.464,29.828,-57.417,27.045
21.727,-14.55,30.137,-57.069,26.811
23.091,-14.697,31.018,-56.757,26.426
23.966,-14.624,31.658,-56.431,26.43
24.543,-14.336,32.324,-55.934,26.23
24.929,-13.916,33.06,-55.693,26.183
25.255,-13.302,34.156,-55.64,26.656
25.226,-12.556,35.155,-55.663,26.303
25.207,-11.423,35.67,-54.954,26.609
24.728,-10.324,36.395,-54.677,27.012
24.109,-8.8459,36.538,-53.803,27.386
23.176,-8.0393,37.527,-53.522,26.571
22.021,-6.9403,38.341,-53.418,26.398
20.078,-5.1331,38.75,-52.391,26.378
18.567,-3.8524,39.254,-52.194,26.101
17.107,-2.5446,39.62,-52.165,26.028
15.466,-1.4677,39.803,-51.93,25.833
12.946,-0.0955,39.774,-51.597,25.865
10.7,1.3774,39.464,-52.179,26.286
8.6294,2.2049,39.209,-52.356,26.493
6.6523,3.0387,38.613,-53.05,27.08
5.1954,3.6368,38.186,-53.604,27.449
3.2895,4.6622,36.932,-54.463,27.049
1.8322,4.83,35.966,-55.193,28.3
0.84949,4.8842,34.897,-56.242,29.223
0.21248,4.5098,34.038,-56.955,29.64
-0.33165,3.9091,33.075,-57.256,29.881
-0.31966,2.845,32.459,-57.893,30.573
0.38444,1.3211,31.913,-58.429,31.036
0.68667,0.049297,31.37,-57.937,29.521
1.3223,-1.2352,31.116,-58.086,29.336
2.6141,-2.8552,30.68,-58.216,29.438
3.171,-4.0725,30.516,-58.31,29.467
4.1539,-5.6869,30.211,-58.007,29.255
5.755,-7.6436,30.31,-58.067,29.042
6.5519,-8.3323,29.885,-57.56,28.919
7.6327,-9.552,29.845,-57.598,28.731
9.5667,-10.751,29.853,-58.231,28.975
11.483,-12.048,29.873,-57.962,29.088
13.11,-12.866,30.231,-58.27,29.167
14.392,-13.609,30.699,-57.729,28.849
15.625,-14.208,31.119,-57.472,29.013
18.329,-15.166,31.807,-57.494,29.603
19.815,-16.127,32.937,-57.107,29.172
21.911,-17.012,33.896,-56.782,29.248
21.318,-16.229,33.989,-55.815,29.169
21.854,-16.269,35.196,-55.486,28.776
22.575,-15.991,36.437,-55.615,28.371
23.067,-15.391,37.048,-54.983,27.918
23.399,-14.682,37.965,-54.644,28.082
23.084,-14.067,39.077,-53.521,27.56
22.666,-13.273,39.817,-52.73,28.279
22.137,-12.29,40.672,-51.924,29.023
21.211,-11.622,42.061,-51.433,29.275
19.653,-10.286,43.148,-51.001,28.726
18.403,-8.9556,43.73,-50.47,28.588
17.072,-7.8239,44.177,-50.098,28.42
15.089,-6.2502,44.477,-49.613,28.237
13.477,-4.5645,44.61,-50.111,28.231
11.776,-3.1247,44.625,-50.004,28.029
9.8588,-1.6057,44.253,-50.069,28.304
7.8928,-0.093141,43.838,-50.303,27.803
6.2451,0.95371,43.378,-50.665,27.541
4.5128,2.0555,42.543,-51.411,27.776
3.0603,3.036,41.801,-52.573,28.549
1.7185,3.5465,40.486,-52.386,28.149
0.85664,3.781,39.674,-52.904,28.395
-0.38995,3.7598,38.598,-53.805,28.456
-0.89115,3.6249,37.608,-54.8,29.103
-1.0957,3.4257,36.374,-55.414,29.126
-1.1817,2.9503,35.585,-56.346,29.69
-0.5489,2.3048,34.529,-56.804,30.22
0.39498,1.1823,33.888,-57.437,30.314
1.1536,0.12739,33.285,-57.646,30.05
1.8659,-1.138,32.873,-57.887,30.207
3.4096,-2.6606,32.169,-57.915,30.169
4.1298,-3.9225,32.215,-57.961,29.789
5.2547,-5.2414,31.966,-58.036,29.513
6.7668,-6.5492,31.712,-57.723,29.092
7.8287,-7.9923,31.544,-57.716,28.939
9.6113,-9.4128,31.331,-57.758,28.54
11.017,-10.763,31.116,-57.289,28.215
12.496,-11.908,31.321,-57.301,28.014
13.723,-12.999,31.536,-56.757,27.119
14.767,-13.942,31.194,-55.588,26.796
16.344,-14.713,31.713,-55.153,26.917
18.776,-15.929,32.202,-55.03,26.835
21.5,-17.067,32.705,-54.683,27.052
19.561,-16.83,33.889,-54.649,25.536
20.743,-17.175,34.513,-54.318,24.92
21.446,-17.507,34.969,-53.359,24.484
21.844,-17.795,35.555,-52.239,23.511
22.138,-17.828,35.886,-50.377,22.46
22.154,-18.236,36.378,-48.456,21.475
21.956,-18.267,36.738,-46.433,20.356
22.01,-18.87,37.397,-44.128,19.218
22.307,-19.607,37.92,-41.571,18.094
22.803,-20.581,38.726,-39.142,16.416
23.312,-21.315,39.288,-36.748,15.427
24.153,-22.125,39.538,-34.382,14.623
24.534,-22.635,39.744,-32.266,13.548
24.998,-23.038,40.22,-30.639,12.921
25.583,-23.235,40.034,-28.993,12.759
25.636,-23.425,39.93,-27.766,12.339
25.841,-23.753,40.121,-27.061,11.637
25.872,-23.767,40.149,-27.014,11.341
25.727,-23.663,40.016,-27.592,11.161
25.563,-23.277,39.8,-28.72,11.162
25.029,-23.102,39.578,-30.362,11.827
24.462,-22.624,39.171,-32.44,12.989
23.789,-21.81,38.764,-34.811,14.225
23.115,-21.061,38.251,-37.412,15.362
22.398,-20.258,37.74,-40.234,16.617
21.471,-19.344,36.732,-42.318,17.745
20.901,-18.667,35.95,-44.812,19.089
20.516,-17.783,35.219,-47.925,22.28
19.326,-16.663,34.154,-50.042,22.892
18.612,-15.562,32.966,-52.269,25.043
17.509,-14.295,31.746,-54.468,26.753
17.269,-13.553,31.179,-56.449,28.515
16.085,-12.223,30.045,-57.877,29.552
15.266,-10.995,29.057,-59.955,31.078
14.788,-9.8048,27.974,-61.611,33.033
13.916,-8.2433,26.549,-63.271,34.547
13.232,-7.3028,25.745,-64.728,36.186
13.033,-6.5793,25.47,-66.362,37.622
12.242,-5.8501,25.229,-67.288,38.285
11.021,-4.9242,25.016,-67.313,38.311
10.495,-4.4913,24.944,-66.931,38.188
10.025,-4.2709,25.18,-67.018,37.997
10.027,-4.1879,25.234,-66.402,38.069
10.079,-4.4247,25.52,-65.639,37.914
10.378,-5.1606,26.42,-64.507,35.58
10.659,-6.0312,27.006,-62.854,34.003
11.588,-6.8633,27.461,-61.973,33.001
12.097,-7.7981,28.151,-60.547,31.715
13.012,-9.3144,29.034,-58.588,30.349
13.845,-10.466,29.995,-57.485,29.013
14.582,-11.684,30.69,-55.887,27.99
15.29,-12.587,31.184,-54.568,27.204
17.029,-13.752,31.804,-53.153,26.171
18.988,-15.267,32.644,-50.978,24.438
20.038,-16.328,33.35,-49.328,23.512
21.299,-17.561,34.501,-47.943,22.944
22.658,-18.568,35.237,-46.498,21.207
23.804,-19.318,35.81,-45.59,21.001
25.588,-20.286,36.914,-43.826,19.945
26.911,-20.893,37.804,-42.344,19.278
28.375,-21.316,38.899,-40.912,18.21
29.825,-21.956,39.913,-39.663,17.296
30.626,-22.393,40.366,-38.501,16.69
31.972,-22.855,41.042,-37.285,16.734
32.882,-23.243,41.485,-36.46,16.224
33.176,-23.484,41.499,-35.289,15.175
33.19,-23.641,41.379,-34.567,13.94
33.133,-23.693,41.511,-34.948,13.373
33.011,-23.137,40.939,-35.893,12.995
32.373,-22.642,40.469,-37.321,13.325
31.145,-22.142,40.175,-38.875,14.333
30.155,-21.379,39.363,-40.329,16.366
29.014,-20.872,38.737,-41.315,17.088
26.869,-20.119,38.292,-43.551,18.204
25.349,-19.315,37.425,-45.173,19.409
23.894,-18.58,36.762,-46.837,20.479
22.213,-17.834,36.085,-48.424,21.579
20.555,-16.82,35.259,-49.883,22.632
18.9,-15.743,34.478,-51.396,23.855
17.576,-14.609,33.426,-52.374,25.317
15.866,-13.541,32.607,-53.523,25.888
14.541,-12.338,31.844,-54.718,26.511
13.601,-11.173,31.067,-55.915,27.109
12.12,-10.129,30.236,-56.655,27.516
10.058,-8.8022,29.55,-57.183,28.127
8.4966,-7.4571,28.835,-57.605,28.319
7.109,-6.2332,28.403,-57.538,27.924
6.5503,-5.2901,28.123,-57.839,28.057
5.9777,-4.6442,27.984,-58.05,28.131
5.7301,-4.4961,27.951,-57.86,28.146
5.9277,-4.5329,27.85,-57.934,28.267
6.3376,-4.8151,27.864,-57.215,27.805
6.9691,-5.7272,28.258,-56.767,27.065
7.9992,-6.5905,28.767,-56.65,26.86
9.5457,-8.0663,28.993,-55.884,26.273
11.252,-9.4147,29.547,-55.466,26.035
13.167,-10.794,30.17,-54.877,25.349
14.977,-12.035,30.839,-54.501,25.393
16.449,-13.208,31.193,-53.922,25.08
18.548,-14.19,31.596,-53.425,25.23
20.601,-15.265,32.053,-53.055,24.71
22.315,-16.495,33.014,-53.039,24.558
23.801,-17.581,33.607,-52.254,24.24
25.212,-18.502,34.354,-51.45,24.205
26.606,-19.469,35.289,-50.878,24.375
28.391,-20.661,36.541,-49.893,23.967
29.353,-21.386,36.992,-48.705,23.728
30.371,-22.344,37.93,-47.334,22.771
31.379,-23.412,38.902,-45.572,21.582
32.574,-24.626,39.587,-42.892,20.154
32.988,-25.269,40.354,-41.087,19.226
33.676,-25.683,40.66,-39.948,19.346
34.075,-25.862,41.026,-38.954,18.279
34.329,-25.785,41.082,-38.508,17.333
34.292,-25.575,40.747,-38.759,16.404
33.854,-25.351,40.381,-39.461,15.867
32.737,-24.644,39.861,-40.006,16.649
31.665,-24.084,39.352,-41.564,17.259
30.504,-23.243,38.64,-43.323,18.247
28.786,-21.925,37.686,-45.739,19.519
27.229,-20.883,36.954,-47.678,20.687
25.374,-19.622,36.299,-49.469,21.659
23.428,-18.311,35.318,-50.652,22.628
21.548,-16.598,34.522,-52.246,23.924
19.813,-15.183,33.574,-53.663,25.477
18.15,-13.541,32.435,-54.735,26.733
16.385,-12.103,31.954,-56.195,27.417
14.874,-10.707,31.545,-57.163,27.912
12.913,-9.3633,31.206,-57.681,27.909
10.73,-7.9546,30.817,-58.085,28.457
8.3864,-6.3459,30.469,-58.825,28.944
6.4686,-4.6768,30.123,-58.894,28.872
5.6281,-3.4816,29.908,-59.157,29.359
5.08,-2.602,29.838,-59.356,29.428
5.1446,-1.8759,29.641,-59.442,29.72
5.3449,-1.2222,29.342,-59.674,30.409
5.6626,-1.1909,29.276,-59.978,30.913
6.5261,-1.9652,29.06,-59.734,30.987
7.037,-3.0041,29.43,-59.197,29.31
8.1506,-4.3726,29.674,-58.442,28.49
9.6023,-6.064,30.082,-57.504,27.643
11.271,-7.9319,30.444,-56.412,26.929
12.875,-9.6509,31.071,-55.563,25.904
14.668,-11.455,31.428,-54.584,25.118
16.741,-13.235,31.59,-53.415,24.753
18.842,-14.896,32.107,-52.984,24.321
20.783,-16.522,33.407,-53.392,23.501
23.089,-18.088,33.784,-52.374,23.156
24.95,-19.168,34.538,-52.194,23.017
27.02,-20.16,35.22,-52.049,23.024
28.508,-20.903,35.686,-51.683,23.209
30.849,-22.054,36.363,-50.369,22.894
32.502,-23.302,37.484,-49.434,22.128
33.844,-24.269,38.191,-48.023,21.251
35.437,-25.156,38.674,-46.451,20.195
36.511,-25.562,38.761,-45.179,19.127
37.468,-26.212,38.969,-43.655,18.024
37.881,-26.476,39.172,-43.325,17.144
37.916,-26.453,39.102,-43.64,16.63
37.443,-26.045,38.953,-44.188,16.631
36.063,-25.267,38.703,-44.97,17.497
34.725,-24.225,38.43,-46.056,18.359
32.366,-22.513,37.812,-47.604,19.404
30.097,-20.924,37.093,-48.97,20.593
27.646,-19.511,36.85,-50.322,21.409
24.791,-17.612,35.753,-51.409,22.446
21.568,-15.34,34.712,-52.921,22.856
19.076,-13.427,33.7,-53.863,23.7
16.848,-11.488,32.65,-53.981,23.814
14.664,-9.7359,32.541,-54.584,23.701
13.142,-7.9433,32.216,-54.956,23.473
11.741,-6.3594,32.01,-55.635,23.737
10.336,-4.3378,31.592,-55.945,24.535
8.3326,-2.1213,31.736,-56.373,24.928
6.8849,-0.46076,31.984,-56.939,26.154
5.9316,1.5507,32.294,-57.539,26.683
5.0229,3.6353,32.47,-57.553,27.651
4.9557,6.2678,33.055,-58.201,27.863
4.8056,8.3611,33.96,-57.84,27.86
5.3078,10.283,35.001,-57.588,26.957
5.8431,11.91,36.194,-57.817,28.566
7.0059,13.497,36.847,-58.132,29.689
8.1221,14.743,37.861,-57.845,28.783
8.754,15.693,39.043,-57.46,28.498
9.9826,16.525,39.949,-57.321,28.761
11.807,16.077,40.847,-56.789,29.438
13.707,16.161,41.729,-57.001,30.353
15.209,15.461,42.59,-56.311,31.403
17.343,14.534,43.554,-55.783,31.219
19.21,13.806,44.482,-55.175,30.776
21.345,12.485,45.383,-54.804,30.462
23.39,10.701,46.192,-54.165,30.028
25.485,8.8309,47.126,-53.707,28.89
27.095,6.845,47.615,-53.527,28.413
28.306,5.0655,47.925,-52.953,27.557
29.398,3.1084,48.14,-52.635,26.782
30.747,0.82829,47.9,-52.411,26.112
31.856,-2.0023,47.768,-51.991,25.004
32.093,-4.7391,47.524,-51.34,23.875
31.78,-6.9873,47.106,-51.148,23.208
32.061,-9.5061,46.6,-50.906,22.859
31.896,-11.616,45.96,-51.135,23.125
31.655,-13.869,45.319,-51.057,22.727
30.948,-15.557,44.62,-51.05,22.57
29.641,-17.078,43.884,-50.927,22.573
28.247,-18.383,43.341,-50.945,23.081
26.668,-19.694,43.604,-51.775,23.123
25.353,-20.081,42.278,-51.516,23.34
23.79,-20.232,41.357,-51.809,23.422
21.728,-20.297,40.412,-52.085,23.153
19.725,-20.103,39.035,-51.964,22.797
17.643,-19.513,37.611,-52.229,23.078
15.562,-18.848,36.058,-52.197,23.996
13.416,-17.832,35.053,-52.287,24.356
11.106,-16.2,34.101,-52.903,25.535
8.9327,-14.348,33.494,-53.22,25.304
7.7682,-13.067,33.134,-53.736,25.991
6.2803,-11.135,32.967,-54.371,26.468
4.3773,-8.1514,32.395,-55.452,27.642
3.3165,-5.924,32.346,-57.068,29.216
1.6025,-3.7006,32.453,-58.035,29.697
0.99771,-1.6218,32.443,-58.697,30.796
0.16534,0.44369,33.06,-59.414,31.852
-1.0238,2.6527,33.578,-59.732,32.263
-2.2381,5.0877,34.078,-59.712,32.551
-2.5461,7.5206,34.617,-59.752,32.899
-3.202,10.287,35.025,-59.701,33.186
-2.5505,11.984,35.701,-60.028,34.104
-2.8687,14.623,36.014,-59.633,34.625
-1.5581,15.733,36.696,-59.511,35.007
-0.16743,16.791,37.324,-59.173,35.287
0.83998,17.966,38.101,-58.9,34.995
1.4709,19.61,38.991,-58.408,34.625
3.0825,20.214,39.631,-58.459,36.14
4.2829,21.24,40.228,-58.228,35.403
6.0078,21.527,40.705,-58.233,36.734
7.8536,21.575,41.585,-58.023,37.166
9.4366,21.06,42.962,-57.381,37.448
11.097,20.46,44.045,-56.544,37.961
13.606,19.551,45.435,-55.645,37.58
15.224,18.717,46.13,-54.995,37.298
17.896,16.578,47.342,-54.18,36.34
20.402,14.436,48.319,-53.212,35.176
22.871,11.928,49.288,-52.352,33.703
26.072,8.1519,50.042,-51.707,32.239
27.786,5.8476,50.424,-51.311,31.121
29.877,2.4906,50.64,-50.899,29.887
31.312,0.081317,50.318,-51.051,29.346
32.682,-2.7221,49.943,-50.841,28.036
34.074,-6.2239,49.244,-50.623,26.54
34.683,-8.2656,48.574,-50.375,25.854
35.175,-10.864,47.762,-50.326,25.058
35.368,-13.54,46.951,-50.232,24.5
34.513,-16.399,45.732,-49.83,23.849
33.568,-18.442,44.494,-49.577,23.231
32.261,-19.35,43.431,-49.571,22.912
30.552,-20.385,42.78,-49.935,22.667
29.135,-20.787,41.21,-49.868,22.865
27.454,-21.414,39.061,-50.31,22.941
26.123,-21.43,37.195,-50.518,23.226
24.734,-21.252,35.884,-50.945,23.174
23.069,-20.876,34.553,-50.918,22.828
21.22,-20.224,33.186,-50.794,22.697
19.457,-19.385,31.818,-50.968,23.218
17.336,-18.051,30.259,-51.442,23.296
15.626,-16.817,29.091,-51.706,23.226
13.719,-15.613,28.427,-52.424,23.736
12.677,-14.581,28.102,-53.018,23.885
10.971,-13.004,27.725,-53.895,24.404
9.0946,-10.522,27.331,-54.88,25.12
6.9709,-8.0148,27.077,-55.469,25.64
4.752,-5.6397,27.331,-56.036,26.035
2.9156,-3.087,27.895,-56.484,26.607
1.7557,-1.3663,28.483,-56.993,27.504
0.12022,1.6003,29.391,-57.695,28.221
-0.81986,3.9831,30.137,-57.956,28.774
-1.4614,6.4979,30.981,-58.466,29.408
-2.4082,9.5094,31.979,-58.641,30.485
-2.9194,11.245,32.827,-59.112,31.298
-3.0543,13.078,34.138,-59.611,32.99
-2.9566,15.825,34.86,-58.22,32.817
-2.7762,18.161,36.726,-58.129,33.535
-2.1503,20.325,38.649,-57.35,33.08
-0.82174,21.995,40.189,-57.143,33.484
0.54303,22.735,40.923,-56.623,34.133
3.2855,23.722,42.166,-56.176,33.659
5.3593,23.964,43.162,-55.498,34.49
7.574,23.606,44.741,-54.808,34.275
10.008,22.756,46.518,-53.921,34.167
12.012,21.392,48.081,-52.893,35.032
16.044,18.663,50.554,-51.523,34.418
19.408,16.268,51.899,-50.418,32.999
23.023,13.116,52.641,-49.484,31.75
25.564,10.918,53.01,-49.138,30.883
28.693,7.7531,53.176,-48.945,29.655
31.557,3.5718,52.978,-48.721,28.742
33.7,0.55449,51.982,-49.121,28.33
35.062,-2.4709,51.227,-49.248,27.166
35.633,-4.8481,50.439,-49.418,26.394
36.172,-7.635,49.466,-49.636,25.919
36.13,-10.349,48.441,-49.702,25.423
35.605,-12.908,47.362,-49.765,24.969
34.846,-15.002,46.116,-49.949,24.688
33.95,-16.421,44.516,-50.005,24.534
32.613,-16.69,42.212,-49.303,24.788
30.258,-18.512,42.524,-51.191,24.269
29.069,-19.642,41.335,-51.78,24.492
27.357,-19.59,40.433,-52.001,24.726
25.874,-20.014,39.705,-52.588,25.279
24.299,-20.235,39.167,-53.06,25.574
22.511,-20.187,38.651,-53.256,25.82
21.036,-19.906,38.185,-53.689,26.355
19.63,-19.381,37.416,-53.898,26.914
18.17,-18.745,36.634,-54.102,27.515
17.006,-17.865,36.015,-54.612,27.798
15.838,-16.999,35.202,-55.173,28.137
14.233,-15.937,34.565,-55.731,28.573
13.095,-14.923,33.839,-56.294,29.203
11.873,-13.67,33.265,-56.823,29.687
10.595,-12.263,32.846,-57.441,30.021
9.2612,-10.858,32.667,-58.119,30.464
7.8031,-9.0471,32.61,-58.979,30.956
6.9164,-7.1944,31.904,-59.118,31.665
6.3735,-5.2643,31.971,-60.023,32.23
4.9587,-3.8571,32.17,-60.493,32.804
3.6122,-2.3013,32.543,-60.215,32.933
2.8453,-0.57645,33.166,-60.149,33.235
2.2034,1.3496,34.206,-60.493,33.69
2.1567,2.6292,34.689,-60.338,33.895
2.5867,3.7682,34.868,-59.83,34.356
2.104,5.5772,35.675,-59.612,34.17
1.5931,7.9173,36.531,-59.301,34.594
1.5838,9.2867,37.519,-58.796,34.202
2.0753,10.079,38.295,-59.024,34.554
2.2337,11.219,39.404,-58.559,34.691
2.9607,12.087,40.307,-58.456,35.821
4.0485,12.673,41.333,-58.413,36.716
5.1014,13.025,42.506,-58.599,38.158
6.1189,13.28,43.851,-56.458,33.693
7.6551,12.876,45.296,-55.669,33.737
9.1188,12.068,46.812,-54.613,33.236
10.805,10.913,48.31,-53.376,32.645
12.856,9.2184,49.678,-51.922,31.391
15.543,7.1309,50.739,-51.062,30.108
18.183,4.6173,50.049,-50.053,28.977
20.599,2.1374,50.339,-49.328,27.884
23.393,-0.63132,50.088,-49.259,27.054
25.365,-3.1413,49.725,-49.084,26.129
27.412,-5.7462,48.986,-49.131,25.415
29.203,-8.1389,48.076,-49.199,24.843
30.676,-11.173,46.951,-49.338,23.905
31.357,-12.825,46.064,-49.522,23.635
31.843,-15.15,44.498,-49.98,23.22
31.537,-16.35,43.402,-50.025,23.885
30.607,-17.394,41.894,-49.834,24.233
29.034,-18.062,41.323,-51.065,24.67
27.014,-18.702,40.49,-52.283,25.201
25.962,-19.318,39.297,-53.122,25.906
25.1,-19.061,38.549,-53.381,26.484
23.004,-18.797,37.789,-53.948,26.884
20.827,-18.502,36.87,-54.517,27.151
19.382,-17.98,36.02,-54.925,27.522
17.809,-17.288,35.184,-55.252,27.614
16.565,-16.633,34.29,-55.274,27.768
14.778,-15.835,33.804,-55.895,28.183
12.836,-14.577,32.363,-55.761,28.632
11.374,-13.323,30.691,-55.429,29.015
9.5676,-12.269,30.202,-56.079,29.236
7.9938,-10.976,29.763,-56.667,29.384
6.2647,-9.5871,29.605,-57.845,29.668
4.481,-8.0194,29.361,-57.749,29.876
2.9275,-6.6414,29.549,-58.052,30.23
2.2665,-5.2776,29.939,-59.068,31.295
1.8216,-3.829,30.284,-59.85,31.782
1.1331,-2.3007,30.58,-59.986,32.398
-0.14698,-0.19445,31.237,-59.985,32.68
-1.4965,2.1303,32.243,-59.786,32.956
-2.5633,4.3718,33.057,-59.529,32.893
-3.2931,6.8352,33.887,-59.097,32.349
-3.4668,8.8106,34.473,-58.754,32.146
-3.5526,10.833,35.347,-58.111,32.11
-4.0659,12.958,36.436,-57.393,32.03
-3.5502,14.482,37.379,-57.041,32.397
-3.0553,15.878,38.648,-56.574,31.958
-2.3979,17.07,39.71,-56.022,32.263
-1.4794,17.834,40.994,-55.138,31.409
0.74601,17.829,42.466,-55.351,32.431
2.8756,17.361,43.545,-54.985,31.607
5.1249,16.536,44.267,-54.524,31.86
7.5525,15.42,45.071,-53.929,31.361
9.9461,13.367,46.487,-53.12,30.963
12.477,11.002,47.836,-52.178,30.788
14.89,8.9006,48.982,-51.538,30.146
17.862,5.8856,49.605,-50.871,29.015
20.516,3.3837,49.666,-50.547,27.835
23.123,1.2196,49.104,-50.944,27.871
24.972,-1.0297,48.922,-51.355,27.242
26.148,-3.5274,48.283,-50.973,26.397
27.018,-6.0042,47.479,-50.771,25.709
27.528,-8.4595,46.726,-50.772,25.039
27.829,-10.611,45.405,-50.583,24.62
27.903,-12.504,44.427,-50.929,24.368
27.905,-14.298,43.277,-51.409,24.769
27.819,-15.629,41.965,-51.823,25.313
27.726,-16.579,40.826,-52.379,25.187
26.629,-16.747,39.715,-52.909,24.78
26.117,-17.081,38.523,-52.875,24.414
25.394,-17.308,37.438,-52.824,24.348
24.03,-17.1,35.847,-52.676,24.795
23.188,-17.083,35.913,-53.815,24.9
22.115,-16.647,35.058,-54.234,25.864
21.029,-16.094,34.446,-54.838,26.603
19.825,-15.238,33.498,-55.461,28.161
18.629,-14.327,33.249,-56.439,29.047
18.161,-13.538,33.118,-57.11,30.24
16.819,-12.464,33.038,-57.748,30.384
15.101,-10.837,32.943,-58.421,31.195
13.427,-9.3259,33.198,-58.639,31.433
11.57,-7.8806,33.717,-58.6,31.822
9.7212,-6.3664,34.083,-58.201,31.955
8.3814,-4.2667,34.444,-58.513,32.157
6.6871,-2.1864,34.605,-58.379,32.448
5.242,-0.21969,35.214,-58.547,32.585
4.2893,1.93,35.647,-58.574,32.955
3.6109,4.0894,35.752,-58.781,33.677
2.6372,6.3855,36.249,-58.932,33.414
2.0113,8.7485,36.585,-58.801,33.411
1.5544,11.022,36.948,-59.022,33.889
1.5567,13.323,37.06,-59.08,34.329
1.5571,15.316,37.602,-59.156,34.915
1.7105,17.125,38.638,-58.735,35.448
2.1488,18.004,39.551,-58.216,35.171
2.9698,18.52,40.576,-57.462,34.724
4.2546,18.565,41.639,-56.974,33.965
5.5457,18.222,42.542,-56.572,33.671
7.3135,17.298,43.498,-55.979,34.099
9.1764,16.198,44.303,-55.82,34.303
11.117,14.343,44.952,-55.154,34.219
12.954,12.368,45.606,-54.483,33.176
14.978,10.269,45.732,-54.034,31.803
17.627,6.9967,45.807,-53.452,30.353
19.161,4.4506,45.725,-52.868,29.645
20.517,2.2946,45.678,-52.619,28.985
21.794,-0.28723,45.605,-52.366,28.405
23.019,-2.855,45.273,-52.184,27.869
23.735,-5.0016,44.856,-52.219,27.318
24.428,-7.0435,44.163,-52.207,26.923
24.9,-8.8219,43.344,-52.231,26.433
25.194,-10.42,42.346,-52.256,26.188
25.399,-11.758,41.441,-52.719,26.262
25.258,-12.89,40.4,-52.854,26.3
24.928,-13.882,39.406,-52.94,26.132
24.809,-14.377,38.324,-53.581,26.219
24.677,-14.43,37.006,-54.017,26.274
24.829,-14.556,36.07,-55.027,25.845
24.425,-14.706,34.991,-55.175,25.327
23.946,-15.062,34.258,-55.551,25.287
22.851,-15.393,33.495,-55.634,25.57
22.064,-15.654,33.142,-56.432,26.687
20.817,-15.753,32.448,-56.706,27.024
20.521,-15.707,32.13,-57.719,27.65
19.767,-15.602,31.428,-58.185,28.349
19.252,-15.586,30.845,-58.799,28.888
18.332,-15.409,30.739,-59.618,29.458
17.589,-14.846,30.33,-60.229,30.35
16.924,-14.078,29.754,-60.547,30.964
16.144,-13.425,29.664,-61.247,31.416
15.136,-12.582,29.614,-61.316,31.892
13.855,-11.754,29.888,-61.349,32.15
12.878,-10.865,30.561,-61.659,32.489
11.893,-9.6816,30.803,-61.203,32.902
11.066,-8.4247,30.724,-61,33.311
9.592,-7.0363,31.228,-60.799,33.315
8.0779,-5.5402,31.934,-60.447,33.164
6.6049,-3.9419,32.812,-60.811,33.923
5.7978,-2.4887,33.306,-60.539,34.956
5.5307,-1.12,33.87,-60.465,33.652
4.681,0.41028,34.318,-60.16,34.164
4.047,2.1102,35.279,-60.383,34.301
4.0077,3.4635,35.802,-60.334,34.315
3.3097,5.0832,35.989,-59.644,34.569
2.6146,6.9435,36.275,-59.339,34.187
2.9955,8.2316,36.651,-59.282,34.564
3.3718,9.9582,37.366,-59.387,34.415
3.9422,10.688,37.825,-59.791,35.283
4.7675,11.292,38.591,-59.003,35.373
6.007,11.408,39.244,-58.604,36.643
7.403,10.697,40.956,-58.349,36.958
8.7496,9.9719,43.446,-56.117,33.903
9.7299,9.2251,44.908,-55.572,34.637
11.407,8.1419,46.524,-54.43,34.527
13.341,6.4576,47.458,-53.545,33.882
16.233,3.8279,48.02,-52.682,32.565
18.131,2.1744,48.203,-52.797,31.773
19.39,0.80506,47.993,-52.898,31.418
20.641,-1.2731,47.822,-52.853,30.958
21.971,-4.2841,47.856,-52.749,30.071
22.915,-6.4187,47.296,-52.426,29.552
24.173,-8.1987,46.48,-52.771,29.277
24.623,-9.6506,45.665,-52.417,28.907
25.242,-11.803,44.613,-52.585,28.745
25.794,-13.511,43.793,-53.372,28.902
25.329,-14.668,42.563,-53.124,28.467
24.942,-15.932,42.225,-54.238,28.441
24.013,-16.421,40.765,-54.594,28.462
22.94,-16.691,39.502,-54.655,28.147
22.101,-17.234,38.47,-54.847,27.908
20.989,-17.758,37.586,-55.139,27.859
19.878,-17.804,36.459,-55.48,28.127
18.86,-17.846,35.549,-55.915,28.183
17.898,-17.564,34.373,-56.322,29.001
16.876,-17.053,33.439,-56.754,29.163
15.63,-16.552,32.846,-57.084,29.501
14.477,-15.825,32.35,-57.405,29.758
13.311,-14.946,32.088,-57.721,29.989
11.762,-13.857,31.821,-57.715,30.127
10.3,-12.929,31.891,-57.723,30.12
9.1262,-11.571,31.389,-57.603,30.564
7.5761,-10.207,31.827,-57.75,30.205
6.1854,-8.5145,31.855,-57.626,30.444
4.9864,-6.7809,31.861,-57.894,30.535
3.5563,-5.0698,32.185,-58.072,30.905
2.1901,-3.088,32.382,-58.492,31.483
1.2096,-1.3284,32.721,-58.999,31.623
0.6373,0.5019,33.106,-59.409,32.831
-0.16985,2.5279,33.351,-59.652,33.02
-0.27664,4.2286,33.46,-59.883,34.056
-0.6056,5.9782,33.822,-59.867,34.497
-0.99009,7.635,34.414,-59.606,34.568
-1.3362,9.2944,35.296,-59.441,34.371
-0.81347,10.502,36.263,-59.068,34.729
-0.7999,11.683,37.662,-58.66,34.743
0.13778,12.475,38.957,-58.435,35.194
0.85069,12.754,40.19,-57.975,35.595
1.775,12.623,40.946,-57.218,35.577
3.2794,11.587,41.612,-56.794,35.638
4.8543,10.321,42.302,-55.745,32.797
6.1888,8.9712,42.97,-54.777,30.669
7.9835,7.2861,43.111,-54.15,30.122
9.7703,5.1591,43.644,-53.623,28.802
11.248,2.9209,43.466,-52.517,27.675
13.337,0.67456,43.584,-52.535,26.911
14.91,-2.1217,43.395,-51.312,25.362
16.34,-3.9249,43.01,-52.171,26.175
17.783,-6.0326,42.49,-52.366,26.264
18.932,-7.9535,41.801,-52.293,26.133
19.995,-9.7263,41.192,-52.648,26.524
20.905,-11.426,40.623,-53.346,26.757
21.082,-12.821,39.508,-53.247,26.79
20.265,-13.511,38.761,-53.523,27.039
20.111,-14.337,38.151,-53.728,26.974
20.058,-15.092,37.748,-54.334,26.629
19.988,-15.759,37.062,-54.478,26.59
19.251,-16.015,36.41,-54.579,26.507
18.58,-16.008,35.893,-54.716,26.615
17.905,-16.038,35.311,-54.64,26.761
16.977,-16.019,35.612,-55.225,26.643
16.335,-15.689,35.382,-55.331,26.898
15.686,-15.357,35.458,-55.586,27.322
15.192,-14.882,35.281,-55.634,27.582
14.422,-14.443,35.329,-55.715,27.738
13.439,-13.587,34.984,-55.47,28.188
13.017,-12.566,35.231,-56.305,28.478
11.463,-11.375,34.839,-55.985,28.67
10.62,-9.9434,34.427,-56.36,29.318
9.3541,-8.4991,34.49,-56.97,29.984
8.2491,-7.1808,34.653,-57.381,30.347
7.2534,-5.832,34.629,-57.506,30.667
6.7388,-4.8779,34.79,-57.621,30.833
6.1945,-4.066,34.861,-57.663,31.108
5.9665,-3.5903,35.104,-58.159,31.45
5.8282,-3.2855,35.129,-58.06,31.453
5.8731,-3.1396,35.196,-58.104,31.606
6.0585,-3.202,34.981,-57.95,31.276
6.4773,-3.5559,34.931,-57.953,31.611
7.0211,-4.1403,35.02,-57.64,31.199
7.4695,-4.7251,35.008,-57.596,31.321
8.114,-5.4544,35.11,-57.53,31.038
8.5415,-5.9239,35.133,-57.53,30.995
9.2827,-6.635,34.999,-57.465,31.154
9.8339,-7.1112,35.12,-57.797,31.406
10.104,-6.8985,35.299,-57.813,30.685
10.643,-6.8548,35.206,-58.203,30.821
11.327,-6.8622,35.6,-58.832,31.078
12.418,-6.4836,34.781,-59.108,31.607
13.478,-6.6445,34.93,-60.189,32.114
13.929,-6.6764,34.913,-60.235,32.11
15.286,-7.2166,35.3,-59.991,31.922
16.529,-8.0568,36.087,-59.391,31.365
18.505,-8.802,36.074,-58.627,31.432
20.33,-10.187,36.641,-57.708,30.71
21.906,-11.684,37.28,-56.847,29.457
23.148,-13.153,37.268,-55.607,28.332
24.478,-14.519,37.032,-54.594,26.686
25.909,-16.206,36.472,-53.613,25.487
27.145,-17.568,35.444,-52.814,24.751
27.843,-19.337,35.898,-54.004,23.964
28.035,-20.359,35.132,-54.229,23.84
27.827,-21.089,34.017,-54.057,23.789
27.481,-21.745,33.248,-54.362,23.736
25.981,-21.962,32.255,-53.99,23.615
24.621,-21.902,31.409,-54.432,24.068
23.155,-21.84,30.55,-54.662,24.985
21.139,-21.126,29.761,-55.165,25.131
19.4,-20.319,29.251,-55.595,25.809
17.597,-19.157,28.781,-56.138,25.827
15.692,-17.727,28.399,-56.59,26.067
13.92,-16.037,28.242,-57.21,26.47
12.019,-14.075,28.142,-57.467,26.7
10.383,-11.965,28.162,-58.004,27.153
8.3445,-9.5281,27.791,-58.151,27.699
6.5611,-7.0282,28.45,-58.866,27.711
5.2289,-5.1365,28.625,-58.924,28.235
3.5688,-3.0731,29.236,-58.284,27.689
2.3101,-0.88956,30.019,-58.648,28.83
1.0837,1.8426,31.044,-58.381,28.774
0.92174,3.7928,31.892,-58.961,29.895
0.30967,5.3326,32.634,-58.713,30.179
-0.14343,7.2338,33.848,-58.257,30.417
-0.034339,8.9354,35.133,-57.993,31.374
0.55542,10.577,36.86,-57.973,32.012
0.86811,12.23,38.343,-56.951,32.219
1.9527,13.776,39.744,-57.127,33.711
4.0731,14.545,40.94,-57.492,35.629
5.6803,15.53,42.498,-56.286,32.465
7.9181,15.907,43.465,-56.224,33.174
10.282,15.547,44.689,-55.745,33.58
12.811,14.67,46.023,-55.28,34.757
15.465,13.336,47.437,-54.361,34.342
18.34,11.665,48.65,-53.402,33.933
21.191,9.8681,49.719,-52.537,33.269
24.737,6.6749,50.64,-51.974,32.234
28.301,3.6164,50.954,-51.241,30.776
30.398,1.4803,50.946,-50.914,29.93
32.21,-0.93747,50.907,-50.618,28.834
34.121,-3.6087,50.385,-50.382,27.727
35.848,-6.8817,49.53,-50.269,26.638
36.655,-9.3676,48.529,-50.02,25.586
37.033,-10.929,47.663,-49.903,24.935
37.386,-12.869,46.294,-49.745,24.155
37.273,-15.266,44.365,-49.567,22.938
36.371,-16.804,42.582,-49.353,22.474
35.562,-18.104,40.825,-49.538,22.197
35.069,-19.02,39.851,-50.089,22.333
32.657,-20.561,39.016,-51.269,21.919
31.293,-21.114,37.625,-51.415,22.117
29.625,-21.479,36.472,-51.573,22.454
27.86,-21.629,35.664,-51.737,22.777
25.918,-21.388,34.976,-51.648,23.155
24.321,-20.838,34.578,-52.362,23.842
22.546,-20.198,34.282,-53.056,24.87
21.126,-18.934,33.548,-53.698,26.051
19.609,-17.935,33.473,-54.75,26.857
17.579,-16.307,33.134,-55.669,27.869
15.618,-14.28,32.253,-55.883,29.058
13.669,-12.246,32.138,-56.817,30.275
11.937,-10.282,32.414,-58.192,31.418
10.748,-8.3739,32.529,-59.349,32.553
9.1323,-6.0091,32.43,-59.924,33.491
8.3133,-4.0111,32.445,-60.861,33.886
7.3782,-1.9567,32.906,-61.024,34.633
6.0227,0.38876,33.969,-61.324,35.351
4.621,2.5495,35.484,-61.181,35.662
4.6893,4.2952,37.049,-61.143,36.312
5.3449,6.2862,38.51,-60.968,36.483
6.2039,7.9495,40.064,-61,37.367
6.6621,9.5628,41.407,-60.122,37.339
8.0412,10.718,42.356,-59.855,38.42
9.7299,11.424,43.233,-59.865,38.931
11.919,12.16,44.306,-58.925,36.261
14.141,12.758,45.108,-58.829,36.476
16.824,12.592,45.646,-59.365,37.23
20.325,12.315,46.4,-59.46,38.611
24.013,11.777,47.272,-59.283,38.073
27.93,10.952,47.77,-59.104,39.232
31.666,10.081,48.435,-58.917,38.199
35.031,8.4156,49.054,-58.195,37.259
37.825,6.4099,49.81,-57.377,36.121
40.109,4.0488,49.959,-55.944,34.357
41.886,1.303,50.185,-54.81,31.94
43.374,-1.6398,50.11,-53.875,30.117
44.59,-4.3556,49.643,-53.072,28.636
45.354,-7.2492,49.246,-52.575,27.307
46.125,-10.399,48.612,-52.516,26.705
46.374,-13.218,47.724,-52.425,26.193
46.012,-15.21,46.88,-52.468,25.904
44.9,-17.214,45.724,-52.456,25.668
43.943,-18.946,44.119,-52.518,25.392
42.379,-20.088,42.615,-52.403,24.542
40.587,-20.684,40.654,-51.956,24.744
38.367,-21.547,40.715,-53.943,24.021
36.829,-21.557,38.891,-53.674,24.46
34.925,-21.588,37.895,-54.187,24.856
33.051,-21.316,36.747,-54.442,24.779
31.37,-21.19,35.831,-54.959,25.016
29.868,-20.688,34.611,-55.119,25.193
27.359,-19.712,33.797,-55.19,24.97
25.737,-18.575,32.131,-54.803,24.907
23.681,-17.262,30.923,-54.952,24.274
21.648,-15.929,29.304,-54.75,24.907
19.471,-14.768,28.59,-55.187,25.051
16.645,-13.098,27.705,-55.65,24.774
14.529,-11.67,27.163,-56.204,24.696
13.23,-10.515,26.666,-56.303,24.758
11.615,-8.8601,26.243,-56.852,24.607
9.5273,-6.8233,25.877,-57.362,24.545
7.4668,-4.6033,25.967,-57.713,24.725
5.8546,-2.6271,26.376,-57.833,24.976
5.6557,-1.4825,26.695,-58.622,25.896
4.7034,0.38611,27.507,-58.043,25.984
4.0516,2.9308,28.803,-58.768,27.088
3.3335,4.9007,29.981,-59.095,27.585
2.7344,7.5973,30.76,-57.776,26.148
3.1956,8.5983,31.623,-59.17,29.073
3.2763,10.577,32.642,-59.008,29.138
4.0821,12.841,33.862,-59.14,29.246
4.9728,14.402,34.765,-58.365,29.58
6.6203,15.534,35.951,-58.913,30.737
7.4885,16.21,37.07,-59.006,31.514
8.7974,17.66,39.098,-58.004,29.088
11.019,18.179,39.982,-57.859,29.669
13.124,18.214,40.931,-57.536,29.784
15.373,17.895,41.755,-56.672,30.314
17.705,16.752,42.855,-55.772,29.093
19.379,15.181,44.177,-54.163,27.411
21.313,13.069,45.309,-52.513,25.65
23.531,10.837,46.153,-51.23,24.261
25.618,8.6007,47.031,-50.105,22.439
28.125,6.0465,47.555,-49.279,21.44
30.794,3.5708,47.729,-49.15,21.132
32.653,0.46358,48.165,-48.262,20.581
34.697,-2.4224,48.184,-48.885,21.786
36.395,-5.3266,48.02,-49.054,21.523
37.833,-8.338,47.718,-49.28,21.1
38.742,-10.882,46.811,-48.992,20.897
39.347,-13.595,46.09,-49.089,20.583
39.344,-16.014,45.354,-49.055,20.325
39.213,-18.274,44.244,-49.1,20.654
38.532,-20.064,42.789,-49.252,21.397
37.449,-21.194,41.37,-49.368,21.238
36.846,-22.044,39.846,-49.41,21.342
35.829,-22.428,38.098,-49.082,21.434
33.755,-22.903,37.963,-50.441,21.424
32.146,-23.113,37.544,-51.44,22.354
30.599,-22.803,36.555,-52.01,23.201
29.146,-22.111,35.892,-53.232,23.68
27.617,-21.099,34.779,-53.923,24.462
26.076,-20.034,34.1,-54.979,25.165
24.063,-18.79,33.389,-55.505,25.473
22.096,-17.476,32.759,-56.374,25.934
20.168,-15.946,31.952,-57.269,26.648
18.032,-14.125,30.71,-57.422,27.569
15.761,-12.377,30.47,-58.56,28.103
13.363,-10.588,30.116,-59.108,28.906
11.278,-8.6395,29.852,-59.58,29.408
9.5625,-6.9576,29.608,-59.373,29.754
7.0279,-5.0123,29.548,-59.004,29.461
5.0538,-2.9104,29.641,-58.627,29.336
3.6922,-0.92372,30.172,-59.274,29.9
2.2538,1.3078,30.348,-59.396,30.437
0.91877,3.5267,30.839,-59.349,30.826
0.70389,5.3772,31.413,-60.682,32.689
-0.1239,7.4402,31.904,-60.511,33.154
-1.0605,9.1693,32.93,-60.264,33.653
-1.7267,10.596,34.137,-60.065,34.307
-2.0326,11.836,35.376,-59.798,34.468
-2.0199,13.279,36.267,-59.728,35.29
-1.1025,14.009,37.472,-59.134,35.723
-0.32771,14.658,38.992,-58.415,34.005
0.53696,15.289,40.477,-57.22,32.77
2.0546,15.284,42.01,-56.686,33.671
3.6123,14.609,43.609,-55.846,34.727
5.8371,13.111,46.229,-54.496,35.063
7.4426,11.895,47.196,-53.573,34.254
10.062,9.471,48.392,-52.674,32.881
13.039,7.2865,49.021,-52.256,32.386
15.98,5.2478,49.339,-51.923,31.889
19.038,3.3965,49.533,-51.933,31.053
22.056,1.2365,49.461,-51.707,30.202
24.78,-1.2845,49.482,-51.379,28.945
26.869,-3.775,49.514,-50.839,27.926
28.658,-6.2154,49.498,-50.633,27.109
30.251,-8.5489,48.806,-50.361,25.799
31.488,-10.702,47.743,-50.04,24.984
32.442,-12.6,46.766,-50.173,24.2
32.817,-14.884,45.43,-50.187,23.728
32.971,-16.338,44.681,-50.221,23.633
32.511,-18.253,43.417,-50.22,23.226
32.1,-19.018,42.442,-50.156,23.427
30.783,-20.49,41.707,-50.875,22.908
30.062,-21.523,41.19,-51.711,23.163
28.598,-22.054,40.057,-51.938,23.976
27.307,-22.28,38.756,-52.156,24.482
25.724,-22.236,37.976,-52.988,24.762
24.213,-21.754,36.831,-53.237,25.572
22.383,-21.194,36.275,-53.985,26.228
20.717,-20.251,35.466,-54.431,26.242
18.888,-19.155,34.688,-55.132,26.735
17.296,-17.612,33.594,-55.923,27.496
15.553,-16.379,33.054,-56.914,27.916
14.039,-14.791,32.255,-57.869,29.019
12.627,-13.132,31.145,-58.075,30.072
10.841,-11.516,30.96,-58.75,30.316
9.4615,-9.8786,30.84,-59.417,30.851
8.0492,-8.161,31.022,-60.352,31.334
6.9633,-6.5072,31.018,-60.282,31.666
5.5054,-4.5713,30.966,-60.229,31.766
4.3607,-2.6081,31.09,-60.498,32.076
2.9215,-0.32253,31.376,-60.055,31.219
1.2961,1.8947,31.64,-59.982,31.238
0.32552,4.5254,31.798,-59.614,31.569
-0.13176,6.6965,32.559,-60.105,31.747
-0.50908,9.3919,33.078,-59.846,31.337
-0.72518,12.135,33.887,-59.064,28.901
-0.93716,14.154,35.085,-58.536,29.693
0.073967,16.368,35.956,-58.51,30.375
1.0135,17.927,37.099,-57.817,29.654
2.9012,18.876,38.988,-57.22,28.251
4.837,19.694,40.92,-56.767,28.177
6.8489,20.276,42.767,-56.472,28.838
8.9808,20.443,44.378,-56.321,31.007
11.52,19.892,45.678,-55.042,30.917
14.437,18.817,46.631,-54.441,30.945
17.256,17.428,47.45,-54.172,30.871
19.55,15.512,48.232,-52.976,29.391
21.919,12.718,48.876,-51.935,28.158
23.83,9.9675,49.6,-51.03,26.66
25.712,6.943,49.87,-50.158,25.605
27.826,3.489,49.732,-49.491,24.557
29.502,0.26369,49.589,-48.937,23.48
30.823,-2.7286,49.184,-49.025,22.849
31.79,-5.7883,48.467,-49.123,22.904
32.294,-8.7686,47.721,-49.178,22.68
32.429,-11.425,46.838,-49.419,22.462
31.648,-13.505,45.619,-49.452,22.587
31.005,-14.862,44.191,-49.738,22.839
30.62,-16.413,42.931,-50.16,22.851
30.043,-18.268,42.793,-51.639,22.586
30.206,-19.778,40.631,-51.787,22.819
29.345,-20.289,39.748,-52.276,22.782
28.196,-20.605,38.145,-52.807,22.284
27.287,-20.292,36.793,-53.311,22.638
26.179,-20.003,35.777,-54.046,22.718
24.787,-19.335,34.353,-54.242,22.802
23.406,-18.772,33.53,-54.322,22.671
21.498,-17.691,31.223,-53.983,23.39
19.052,-16.49,30.587,-54.489,23.7
16.851,-15.466,30.281,-55.431,24.774
14.417,-13.869,29.707,-56.25,25.409
12.86,-12.668,29.333,-56.79,25.521
10.139,-10.509,29.194,-57.922,26.011
8.1586,-8.6998,29.314,-58.346,25.834
6.2856,-6.8299,29.503,-58.733,26.02
5.0402,-5.1847,29.812,-59.687,26.605
3.1594,-3.5696,29.764,-58.743,26.788
1.3549,-1.2771,30.585,-59.072,27.712
0.15679,0.91568,31.124,-58.901,28.353
-0.73946,2.6797,31.991,-58.329,28.685
-1.7162,4.3933,33.171,-57.692,28.674
-1.9295,5.7153,34.305,-57.404,29.49
-1.9919,7.3183,35.43,-57.223,29.817
-2.0749,8.9484,36.643,-57.025,30.278
-1.7499,10.46,37.765,-56.587,29.803
-1.1233,12.084,38.478,-56.599,31.144
0.97524,12.941,39.468,-57.253,32.707
2.1506,14.069,40.412,-57.532,33.44
3.4523,15.384,41.503,-56.512,30.922
5.0242,15.897,42.971,-56.825,33.045
6.6333,16.043,44.563,-56.597,34.719
8.8031,15.912,46.196,-55.888,35.051
12.524,15.219,47.164,-55.54,35.021
15.517,15.038,47.981,-55.004,35.63
18.925,13.694,49.049,-54.534,35.411
21.583,12.204,50.132,-53.662,35.626
24.459,9.723,50.879,-52.885,34.465
27.337,6.8545,51.307,-52.081,32.996
30.004,3.8198,51.289,-51.454,31.56
32.49,0.64608,51.023,-51.111,30.367
34.55,-2.3002,50.54,-51.057,29.097
35.94,-5.3238,50.093,-51.101,28.289
36.965,-8.3158,49.379,-51.071,27.744
37.267,-11.361,48.694,-51.134,27.085
37.313,-14.238,47.603,-50.996,26.514
37.037,-16.432,46.285,-51.252,26.21
36.601,-18.399,44.848,-51.575,25.808
36.52,-19.604,43.541,-51.668,24.413
35.194,-20.268,41.482,-51.269,24.762
34.281,-21.394,40.214,-51.248,24.722
32.972,-22.387,40.495,-52.952,25.042
31.902,-22.986,39.468,-53.114,25.161
30.629,-23.556,38.704,-53.508,24.481
29.022,-23.862,37.772,-53.526,24.362
27.839,-23.706,36.569,-53.623,23.933
26.098,-23.184,35.439,-53.768,25.705
24.71,-22.495,34.462,-54.209,25.214
22.77,-21.45,33.349,-54.273,24.391
20.877,-20.304,32.029,-54.355,24.044
18.582,-18.651,30.714,-54.3,24.039
16.443,-17.15,29.646,-54.723,24.467
14.369,-15.599,29.082,-55.488,24.68
12.309,-14.022,28.686,-56.484,25.125
10.387,-12.145,28.547,-57.367,25.866
8.43,-10.047,28.028,-57.502,26.833
6.2428,-7.412,28.307,-58.223,27.273
4.8857,-5.3241,28.42,-58.723,27.997
2.937,-3.0047,28.748,-58.345,27.808
1.9196,-0.64575,29.09,-59.139,28.202
0.31667,2.1831,29.719,-59.16,27.73
0.23066,4.3661,30.418,-60.026,28.595
0.26545,6.3777,30.831,-60.212,29.127
0.22037,8.1544,31.705,-60.225,29.617
0.1941,10.031,32.733,-60.17,29.845
0.41686,11.943,33.71,-59.923,30.119
1.1385,13.991,34.777,-59.408,29.26
2.3775,15.712,35.949,-59.217,29.135
3.8361,17.192,36.962,-58.651,28.412
5.2681,18.22,38.37,-58.213,27.492
7.1441,19.039,39.634,-57.884,27.739
10.39,19.345,41.067,-57.908,29.059
12.241,19.435,41.758,-57.898,29.965
15.586,18.859,42.775,-57.911,30.937
18.787,17.955,43.744,-57.419,31.41
21.777,17.056,45.029,-56.7,31.208
25.988,15.108,46.511,-55.839,30.679
28.328,13.963,47.133,-55.352,30.406
31.653,11.849,47.906,-54.805,30.266
34.692,9.2541,48.627,-54.241,29.14
38.021,5.7522,49.115,-53.919,28.659
40.074,2.6106,49.618,-53.807,28.064
41.275,0.29758,49.693,-53.508,27.883
42.899,-2.5967,49.331,-53.252,28.132
44.326,-6.331,48.889,-52.949,27.582
45.03,-9.0444,48.492,-52.878,26.799
45.09,-11.405,47.91,-52.809,26.266
45.011,-13.245,47.246,-52.411,26.019
44.48,-15.176,46.388,-52.376,25.548
42.97,-16.246,45.131,-52.291,25.368
41.738,-16.892,44.23,-52.352,25.258
39.801,-17.893,42.91,-52.506,24.667
37.907,-18.333,41.529,-52.416,24.659
36.719,-18.702,40.3,-52.332,24.334
34.789,-18.498,38.954,-52.28,24.194
32.72,-18.436,37.978,-52.36,24.039
30.411,-18.913,38.513,-53.931,23.545
28.853,-18.686,37.032,-53.915,24.23
27.095,-18.377,36.123,-54.456,24.652
25.257,-17.835,34.87,-54.297,24.955
22.957,-17.535,34.578,-54.51,25.06
20.457,-17.034,33.909,-54.153,25.583
18.127,-16.295,33.526,-54.254,26.105
15.869,-15.342,33.209,-54.516,26.632
13.66,-14.11,32.946,-55.096,27.359
11.493,-12.623,32.728,-55.613,27.161
9.6447,-10.974,32.515,-56.458,28.172
8.351,-9.3355,32.395,-57.049,28.521
6.2372,-7.1299,32.334,-58.295,28.947
4.7733,-5.2833,31.674,-58.426,29.74
3.1298,-2.953,31.504,-58.984,29.629
2.0274,-0.86463,31.397,-59.441,29.357
0.90755,1.6654,31.701,-59.545,29.546
-0.15232,4.157,32.329,-59.225,29.082
-0.71669,6.2121,33.658,-59.231,29.688
-1.4709,8.4547,34.831,-59.18,30.238
-1.7596,10.593,35.663,-58.936,30.367
-1.4067,12.68,36.185,-59.16,31.183
-0.74414,14.86,36.744,-59.562,31.896
0.19247,16.597,37.497,-60.013,32.941
1.4396,17.95,38.483,-59.937,33.481
3.4456,18.851,39.658,-60.542,34.454
5.0694,19.924,40.668,-60.313,34.186
6.938,20.665,41.383,-60.106,35.264
8.921,20.848,42.713,-60.296,36.783
11.032,20.638,43.834,-59.697,37.142
13.94,20.268,44.444,-59.613,38.607
17.444,19.652,44.903,-59.853,39.602
21.902,17.862,45.575,-59.993,40.301
25.517,15.618,46.777,-59.261,39.48
28.599,13.045,48.031,-58.202,38.406
31.402,10.071,49.229,-56.654,36.911
34.063,7.0528,50.011,-55.424,35.164
36.41,3.9456,50.578,-54.305,33.369
38.244,0.7408,50.941,-53.11,32.329
39.662,-2.3745,51.273,-51.769,30.581
41.3,-5.7412,51.455,-50.917,29.171
42.647,-8.7861,51.089,-50.388,27.974
43.687,-11.845,50.535,-50.116,26.905
44.479,-14.759,49.581,-50.06,25.534
44.604,-16.43,48.679,-50.378,25.066
44.151,-18.571,47.462,-50.565,24.794
43.327,-20.27,46.073,-50.699,24.648
42.008,-21.361,44.465,-50.908,24.524
41.12,-22.027,43.051,-50.556,24.304
39.615,-22.868,41.456,-50.789,24.116
37.701,-23.686,41.019,-51.878,24.009
36.073,-23.856,39.727,-52.085,24.026
34.529,-23.973,38.673,-52.356,23.853
32.806,-23.849,37.635,-52.501,23.788
30.402,-23.006,36.774,-52.726,24.215
28.111,-21.804,35.763,-52.625,23.949
25.301,-20.371,35.088,-52.673,23.844
22.48,-18.265,33.887,-52.373,23.625
19.808,-16.146,33.132,-52.802,23.083
16.786,-13.937,32.718,-53.37,23.422
14.056,-11.696,32.259,-53.539,23.013
11.709,-9.128,31.685,-54.19,22.826
8.0805,-6.0464,31.336,-53.996,22.597
5.6335,-3.7672,31.339,-53.98,22.533
2.8817,-0.57519,31.535,-54.298,22.84
0.91629,2.0519,31.386,-54.301,22.956
-1.2892,4.9706,31.462,-54.565,22.888
-4.0908,9.0668,31.759,-54.995,23.514
-6.08,11.467,31.428,-54.84,23.121
-7.5534,14.904,31.133,-54.913,23.586
-11.583,19.851,30.685,-54.525,21.979
-13.634,24.543,29.838,-54.792,22.058
-15.337,28.123,29.339,-55.271,23.044
-16.331,30.748,29.304,-56.414,24.506
-17.086,34.119,29.292,-57.988,25.43
-18.353,37.695,28.569,-58.658,27.842
-19.002,40.585,29.206,-59.367,28.88
-19.95,42.891,29.585,-58.793,30.116
-19.934,44.492,30.097,-58.921,30.659
-19.926,46.431,30.709,-59.215,33.22
-20.186,49.648,31.289,-59.316,33.492
-19.794,51.582,31.353,-59.698,35.038
-19.075,53.413,30.896,-60.288,35.989
-18.507,54.698,30.997,-60.476,36.233
-17.372,56.347,31.492,-60.525,36.796
-16.266,57.358,31.593,-60.785,37.666
-15.436,58.33,32.703,-61.378,37.22
-14.976,58.122,32.914,-60.794,36.61
-14.576,57.154,33.393,-60.4,35.914
-14.177,55.649,34.313,-59.751,34.235
-13.827,53.427,34.994,-59.385,32.655
-13.777,50.831,35.297,-58.859,32.271
-13.988,48.205,35.61,-58.575,31.961
-14.565,44.953,36.31,-57.339,30.507
-14.037,41.254,35.819,-57.44,31.315
-14.135,38.186,36.041,-56.962,28.496
-12.298,33.307,36.235,-56.693,28.196
-11.953,29.736,36.193,-56.094,26.953
-11.147,26.184,35.563,-55.649,25.818
-10.166,22.986,35.356,-55.47,25.254
-9.0194,19.854,34.949,-55.337,24.177
-7.4653,16.824,34.317,-55.431,24.39
-5.8468,14.122,33.597,-55.735,25.285
-4.8422,11.511,33.567,-55.142,24.327
-3.1184,9.0646,33.381,-55.539,23.898
-1.5269,6.8145,33.265,-56.113,24.059
0.0059273,4.6066,33.084,-56.167,24.457
1.487,2.6265,32.927,-55.339,22.539
2.9859,0.44001,32.877,-55.009,22.607
4.8834,-1.1498,32.713,-55.129,22.775
6.9531,-2.5957,33.015,-55.622,22.997
9.1853,-3.8358,33.063,-55.892,23.965
11.335,-4.9128,33.698,-56.594,23.926
13.491,-6.1655,34.147,-56.907,24.217
15.93,-7.1084,34.375,-57.359,25.478
17.705,-8.2097,34.617,-56.885,25.393
19.057,-9.3242,35.018,-56.265,25.351
20,-10.246,35.756,-55.831,24.734
20.79,-10.843,36.053,-55.313,24.626
21.35,-11.057,36.317,-55.362,24.019
21.766,-10.813,36.186,-55.91,24.089
21.527,-10.303,35.697,-56.094,24.295
19.507,-8.9461,35.185,-56.309,24.755
18.613,-7.8746,34.813,-57.01,25.797
16.61,-6.3382,34.053,-57.169,25.506
14.251,-4.8322,33.661,-57.228,25.441
11.953,-3.3521,33.28,-57.658,25.725
9.439,-1.3778,33.025,-57.807,25.57
6.5375,0.7722,32.887,-57.872,25.556
3.1542,3.4845,32.63,-57.342,25.263
0.1383,6.17,32.314,-57.749,26.228
-1.6014,8.8747,32.332,-58.117,26.264
-4.0525,12.512,32.434,-57.968,26.671
-5.6763,14.927,32.831,-57.781,26.75
-6.865,17.957,33.385,-57.481,26.5
-9.2656,21.729,33.77,-57.376,26.078
-10.983,25.55,34.067,-57.159,26.007
-12.364,28.739,34.309,-57.225,26.607
-13.149,31.304,34.75,-57.569,26.847
-13.75,34.315,34.784,-58.16,28.25
-14.862,38.178,34.107,-58.343,29.619
-15.893,40.991,34.221,-58.495,30.637
-16.405,43.387,34.225,-58.881,31.813
-16.934,45.112,34.272,-58.918,33.083
-17.121,47.101,34.152,-59.17,33.537
-17.642,49.575,33.649,-59.607,34.88
-17.813,50.936,33.265,-60.063,36.342
-17.809,52.115,32.951,-60.251,37.617
-17.76,53.026,32.938,-60.454,37.416
-17.734,53.81,32.701,-60.69,37.849
-17.688,53.897,32.481,-60.774,37.708
-17.575,53.497,32.386,-60.896,36.977
-17.575,52.15,32.797,-60.142,36.057
-17.173,50.121,33.148,-59.597,35.163
-16.535,47.512,33.902,-58.986,33.614
-15.516,44.075,34.481,-58.562,32.019
-14.605,40.838,35.038,-58.428,30.834
-12.89,36.666,35.108,-58.151,29.36
-11.432,32.194,35.352,-57.437,28.295
-10.823,28.27,35.749,-56.689,26.492
-9.6386,24.299,35.523,-56.02,25.779
-7.081,19.441,35.553,-55.662,24.484
-5.1089,15.401,34.906,-55.541,24.825
-3.3819,11.69,34.537,-55.794,24.034
-1.5085,8.3982,34.181,-55.567,22.858
0.64626,5.0694,33.68,-56.026,23.524
2.745,2.0426,33.507,-56.022,22.167
4.5789,-0.36988,33.37,-56.56,23.083
6.5105,-2.8419,33.29,-56.438,23.195
8.9715,-5.6241,33.255,-56.798,24.061
10.988,-7.8844,33.198,-56.926,24.398
12.989,-9.8947,33.185,-56.862,23.985
14.468,-11.969,32.929,-56.428,24.153
16.175,-13.864,32.678,-56.129,24.003
17.451,-15.18,31.962,-54.966,22.898
19.146,-16.647,31.574,-54.225,22.336
20.679,-17.829,31.328,-53.448,22.403
21.107,-18.72,31.143,-52.525,21.905
22.098,-19.51,31.461,-52.261,21.399
22.343,-19.766,31.247,-51.683,21.346
22.424,-19.628,31.15,-51.854,20.781
22.164,-19.071,30.975,-52.106,20.932
21.42,-18.225,31.212,-53.037,21.543
20.47,-17.167,31.434,-53.935,21.869
19.202,-15.667,31.73,-54.898,22.836
17.884,-14.131,32.149,-55.715,23.503
16.378,-12.43,32.586,-56.31,23.696
14.551,-9.943,32.82,-56.827,24.307
12.332,-7.2935,33.141,-56.794,24.657
10.471,-4.4733,33.527,-57.165,24.99
7.9483,-1.2538,33.903,-57.416,25.788
6.0545,1.7218,33.92,-57.355,26.332
3.8,4.8184,34.362,-58.234,27.006
1.6635,8.1905,34.303,-58.462,27.15
-0.39857,11.31,34.09,-58.099,27.572
-2.5382,14.87,33.843,-57.912,27.082
-5.4457,18.621,34.129,-57.144,25.772
-7.7649,21.818,33.827,-56.233,25.473
-9.7919,25.066,34.078,-56.025,24.931
-12.441,28.868,34.497,-55.795,25.418
-13.91,32.511,34.805,-56.238,25.767
-15.133,35.874,34.797,-57.196,27.427
-16.438,39.011,34.838,-57.62,28.727
-17.154,41.857,34.452,-58.006,30.098
-17.856,44.527,34.404,-58.609,31.919
-18.374,46.744,34.033,-59.248,32.932
-18.552,48.618,33.288,-59.686,33.901
-18.258,49.555,32.578,-60.435,35.047
-17.964,49.473,32.323,-60.795,35.601
-17.537,48.636,32.601,-60.646,35.044
-16.496,46.619,33.519,-59.991,33.951
-15.056,43.158,34.413,-58.932,31.949
-13.958,39.899,34.732,-58.216,30.738
-13.226,37.391,35.49,-57.385,28.12
-12.001,33.504,35.369,-56.841,27.312
-8.6558,26.815,36.195,-55.965,25.163
-7.4597,22.966,35.676,-55.135,24.082
-5.8746,18.684,35.735,-54.909,23.364
-4.0508,15.383,35.712,-55.076,23.327
-1.8409,10.218,35.144,-54.731,22.653
0.23172,6.5799,34.868,-54.988,22.617
2.4602,2.9921,34.409,-55.233,22.046
4.1399,-0.042295,34.198,-55.056,21.39
5.8384,-3.0579,33.979,-55.69,22.887
7.2677,-5.2576,33.436,-55.394,22.425
9.0624,-7.557,33.372,-55.932,22.906
11.118,-9.5118,33.191,-55.989,23.075
12.289,-10.992,32.918,-55.658,23.303
13.842,-12.283,32.72,-55.46,23.676
14.924,-12.806,32.793,-55.607,23.287
15.663,-13.127,32.745,-55.4,23.329
15.847,-13.099,32.99,-55.442,23.813
15.839,-12.746,33.358,-55.513,23.253
15.263,-12.116,33.673,-55.427,23.19
14.3,-10.971,33.837,-55.434,23.774
13.57,-9.5426,34.225,-56.176,23.595
12.628,-7.9289,34.166,-56.734,24.337
10.497,-5.9082,34.226,-56.689,24.355
9.1726,-3.6518,34.226,-57.357,24.911
7.4159,-0.97265,34.012,-57.598,24.923
5.6568,1.8854,33.908,-57.72,24.107
4.3861,5.0056,33.607,-59.147,25.723
1.8486,8.8617,33.048,-58.646,25.363
0.23,11.783,32.711,-58.866,24.987
-2.3411,15.752,32.673,-58.487,25.806
-4.1701,18.973,33.562,-58.162,25.018
-5.7989,22.242,33.766,-57.952,25.706
-7.55,25.863,34.649,-58.12,26.063
-8.8121,29.243,34.992,-58.416,26.854
-10.374,32.62,34.977,-58.125,27.365
-11.651,35.816,34.893,-58.522,28.352
-13.787,38.837,35.546,-57.712,27.954
-15.144,41.163,35.208,-57.965,30.204
-16.399,43.305,35.124,-57.557,30.178
-16.613,44.75,34.565,-58.009,30.73
-16.897,45.885,34.463,-58.388,31.124
-17.082,46.23,34.67,-58.367,30.851
-17.089,45.857,34.453,-58.568,30.722
-16.889,44.656,34.365,-58.069,29.977
-16.621,42.74,34.398,-57.293,29.331
-15.557,40.197,34.581,-57.182,27.74
-14.42,37.054,35.028,-56.611,25.283
-13.139,33.664,34.837,-56.54,25.198
-12.535,30.118,35.21,-55.896,23.684
-10.37,25.142,34.881,-54.986,22.529
-8.7801,21.097,34.625,-54.715,21.743
-6.8858,16.92,34.046,-54.052,21.261
-4.6086,13.057,33.872,-54.778,21.262
-2.5894,9.3891,33.627,-54.473,19.943
0.4624,5.7693,32.915,-54.757,19.36
3.0045,2.5788,31.621,-53.21,17.673
5.7802,-0.40524,31.008,-53.303,17.498
7.8014,-3.2117,30.634,-53.126,16.708
9.7742,-5.6937,30.563,-53.874,17.369
11.341,-8.0818,30.527,-54.182,17.555
13.363,-10.366,30.331,-54.247,17.805
15.258,-12.26,30.212,-54.353,18.413
17.488,-14.182,30.108,-54.115,18.671
18.286,-15.147,29.808,-53.638,18.406
20.03,-16.535,29.646,-53.198,18.618
21.746,-17.573,29.54,-52.774,18.215
23.223,-18.607,29.817,-52.505,17.743
24.049,-19.594,31.31,-53.584,17.632
24.386,-19.753,31.48,-53.65,17.731
24.261,-19.569,31.753,-53.726,17.981
23.309,-18.835,32.184,-54.081,17.891
22.276,-17.525,32.031,-54.337,19.458
21.072,-16.177,32.129,-55.06,19.844
19.691,-14.555,31.847,-55.144,20.585
17.378,-12.278,32.398,-55.851,21.059
15.037,-10.346,32.837,-55.957,21.445
13.168,-7.813,33.371,-56.675,21.687
10.899,-5.3701,33.47,-56.849,22.658
8.9153,-2.6087,33.96,-56.768,21.906
6.2056,0.58242,34.199,-56.516,21.644
3.9026,3.9679,34.359,-56.89,22.306
2.2859,7.1285,34.544,-57.585,23.65
-0.16485,10.846,34.571,-56.973,23.282
-2.4834,14.708,34.843,-57.052,24.401
-4.385,18.192,35.367,-57.31,25.188
-6.3463,21.826,35.772,-57.174,25.219
-8.4539,25.581,35.762,-57.162,25.738
-10.826,30.116,35.546,-57.543,26.23
-10.882,32.734,35.5,-58.215,26.811
-12.436,36.019,35.252,-58.365,27.834
-13.515,38.866,35.401,-59.11,28.644
-15.047,41.717,35.139,-58.99,28.463
-15.661,43.601,33.758,-59.656,31.411
-16.484,45.591,33.53,-59.614,31.183
-16.8,47.208,33.17,-59.82,32.157
-17.141,48.038,33.951,-59.78,32.361
-16.896,48.083,33.543,-60.325,33.16
-16.364,47.162,33.398,-60.217,32.115
-15.92,44.87,33.9,-59.424,30.246
-15.033,41.996,34.067,-58.895,29.777
-13.783,38.645,35.032,-57.929,26.251
-11.862,34.439,34.595,-57.637,26.262
-10.724,30.051,35.311,-56.739,24.157
-9.9519,25.769,35.15,-55.326,22.365
-9.1309,21.713,35.32,-54.62,21.421
-4.5763,15.45,34.689,-54.91,21.761
-2.699,11.008,34.324,-54.473,20.247
-0.36915,6.8215,33.692,-54.693,19.988
1.9617,2.937,33.074,-54.23,19.182
4.3393,-0.75223,32.45,-54.879,19.461
6.2294,-3.7663,31.951,-54.39,19.063
8.1819,-6.5214,31.573,-54.618,19.455
9.621,-8.5925,31.442,-54.994,19.74
11.271,-10.574,31.039,-55.131,20.151
12.426,-11.855,30.356,-54.906,20.414
13.865,-13.164,29.859,-54.683,20.973
15.261,-14.11,29.697,-54.769,21.235
16.743,-15.044,29.569,-54.753,21.337
17.755,-16.335,31.076,-56.283,21.385
18.878,-17.323,31.398,-56.178,21.564
19.321,-17.959,31.43,-55.395,20.956
19.671,-18.387,31.499,-54.836,20.479
20.013,-18.548,31.56,-54.511,20.253
20.071,-18.418,31.722,-54.619,20.334
19.799,-18,31.709,-55.091,20.689
19.172,-17.161,31.572,-55.391,21.143
18.127,-15.987,31.732,-56.053,21.507
17.07,-14.499,31.55,-56.659,22.553
15.801,-12.855,31.188,-56.906,23.227
13.924,-10.588,31.584,-58.06,23.88
13.259,-9.3249,31.774,-58.606,24.393
11.236,-7.0786,32.003,-58.887,24.976
9.5877,-4.9182,32.057,-58.782,25.14
7.076,-2.0917,32.738,-58.672,24.974
4.8446,0.18998,33.34,-58.599,25.14
2.8951,2.5972,33.643,-57.664,24.789
1.4939,4.9017,34.065,-57.426,25.077
0.17798,8.2763,34.243,-57.692,25.24
-1.4256,11.273,34.531,-57.531,25.338
-2.9514,14.462,34.847,-57.26,24.923
-4.4704,17.638,35.182,-56.983,25.163
-6.5087,21.131,35.716,-57.038,25.077
-8.5649,25.018,35.865,-56.844,25.524
-10.505,29.16,36.065,-56.823,26.073
-11.122,32.377,36.167,-57.261,26.626
-12.675,36.272,35.971,-57.629,27.77
-14.046,39.981,36.317,-57.582,27.416
-14.586,42.697,35.35,-58.424,30.553
-15.99,45.652,35.279,-58.408,31.057
-16.415,47.831,34.698,-59.079,32.84
-16.784,49.223,34.388,-59.134,33.038
-16.823,49.961,34.103,-59.191,33.535
-16.74,50.216,34.157,-59.071,33.175
-16.502,50.062,34.318,-59,33.378
-16.182,49.428,34.508,-58.851,33.019
-15.827,48.439,35.012,-58.309,31.681
-15.39,46.958,35.084,-57.736,31.155
-14.571,44.893,35.596,-57.425,30.91
-13.471,42.516,36.276,-57.526,29.861
-12.996,39.649,36.95,-57.191,28.45
-11.447,36.108,37.047,-57.178,28.305
-9.8995,31.839,37.447,-56.445,26.247
-8.5089,27.445,37.195,-55.803,25.155
-6.1722,22.383,36.55,-55.118,24.289
-4.2762,17.411,36.903,-54.787,22.525
-2.4667,12.826,36.241,-54.296,20.209
-0.0073876,8.3022,35.559,-55.074,20.324
2.0163,4.3838,34.772,-54.554,19.488
4.0441,0.42613,34.142,-54.418,19.296
5.909,-2.6867,33.521,-54.645,19.753
7.7416,-5.3537,33.009,-54.588,19.669
9.8306,-7.8759,32.5,-54.783,19.935
11.394,-9.7659,31.653,-54.774,20.179
12.891,-11.533,30.988,-54.638,20.661
14.207,-13.068,30.46,-54.163,20.333
15.159,-14.309,30.17,-54.206,20.545
15.565,-15.085,30.487,-54.678,19.891
15.947,-15.511,30.114,-54.96,19.619
16.171,-15.614,29.786,-55.226,20.05
16.219,-15.389,29.699,-55.67,20.416
16.268,-14.829,29.782,-56.096,20.554
15.913,-13.944,29.952,-56.239,20.821
15.256,-12.72,30.472,-56.5,20.793
14.456,-11.451,31.062,-56.438,21.289
13.365,-10.001,31.393,-55.877,21.274
12.222,-8.8836,32.29,-55.647,21.626
11.012,-7.943,33.004,-55.817,22.763
10.109,-7.0813,33.413,-56.022,23.239
9.7314,-6.3206,33.642,-56.329,23.436
9.6358,-5.6628,33.619,-56.69,23.667
8.9585,-5.0315,33.927,-56.751,24.239
8.1341,-4.1548,34.139,-56.587,24.387
7.458,-2.9876,34.331,-56.698,24.64
6.0941,-1.1282,34.824,-56.577,24.538
4.8881,0.8694,35.247,-56.225,23.844
2.5995,4.3832,35.305,-56.017,22.617
0.96072,6.9119,35.385,-56.469,23.461
-0.67387,9.8795,35.386,-56.468,23.585
-2.1618,12.829,35.376,-56.185,23.464
-4.2214,17.224,35.477,-55.786,22.934
-5.4303,20.383,35.917,-55.713,22.496
-6.1786,22.694,35.399,-55.449,23.476
-7.6508,25.592,35.654,-55.358,23.871
-8.2566,28.623,35.595,-56.191,25.051
-8.4286,30.386,35.241,-56.823,25.921
-8.5951,31.215,35.094,-57.049,26.831
-8.6189,31.4,35.141,-57.168,27.271
-8.2053,30.803,34.901,-57.108,27.11
-7.7065,28.942,35.21,-56.861,26.35
-7.4969,26.752,35.558,-56.02,25.057
-6.6552,24.12,35.258,-55.48,23.88
-5.9522,21.94,35.206,-55.226,23.291
-4.2816,17.848,34.761,-55.246,22.608
-2.9156,14.516,34.176,-55.423,21.973
-1.4644,11.101,33.752,-55.251,20.321
0.18128,7.4038,33.327,-55.982,21.195
2.1349,3.8075,32.965,-55.69,19.701
4.2218,0.41174,32.481,-55.723,19.358
6.0143,-2.8955,32.037,-55.735,19.837
7.7609,-5.7935,31.722,-56.26,20.236
9.3687,-8.2129,31.305,-56.191,20.111
11.257,-10.364,30.629,-56.105,20.504
12.736,-12.008,30.16,-55.276,19.806
13.74,-13.253,29.833,-54.702,20.188
14.035,-13.76,29.964,-54.06,20.001
14.358,-13.754,30.183,-54.024,19.932
14.496,-13.342,30.609,-54.455,20.395
14.065,-12.453,30.996,-54.561,20.56
12.963,-11.157,31.527,-55.001,20.908
11.461,-9.432,32.109,-55.584,21.106
10.489,-7.8799,32.633,-55.888,21.588
8.886,-5.643,33.014,-56.207,21.653
7.1593,-2.996,33.262,-56.85,22.679
5.5152,-0.10488,33.395,-56.568,22.003
3.8275,2.8405,33.589,-57.26,22.615
2.1008,6.0926,33.484,-56.607,21.845
1.2596,9.1329,33.448,-57.682,23.184
-0.99512,12.737,33.818,-56.473,21.215
-2.4954,15.796,34.224,-56.271,21.055
-3.8394,19.076,34.601,-55.956,21.021
-5.3181,22.437,35.148,-55.438,20.426
-6.8887,25.682,35.254,-55.183,21.614
-8.2871,28.841,35.949,-55.481,21.804
-10.245,32.484,36.348,-55.967,23.165
-11.421,35.964,37.156,-56.379,24.114
-11.872,38.304,36.667,-57.015,25.533
-12.871,41.443,37.109,-57.694,26.925
-13.845,43.938,36.666,-57.817,28.193
-15.117,46.278,36.542,-57.518,30.682
-15.621,48.842,36.412,-58.003,30.238
-16.318,51.101,36.187,-58.402,30.144
-16.655,52.699,36.028,-58.419,30.614
-16.842,53.721,35.437,-58.555,31.644
-17.161,54.465,35.555,-58.299,30.717
-17.266,54.343,35.768,-58.041,30.021
-17.292,53.338,35.869,-57.513,29.397
-17.02,51.832,36.081,-57.028,27.936
-16.856,49.698,36.561,-56.188,26.59
-16.225,46.698,37.103,-55.461,26.886
-15.129,43.366,37.479,-55.182,25.292
-14.132,38.206,38.322,-53.62,22.281
-13.244,33.652,38.693,-52.479,20.907
-12.135,30.369,38.798,-52.436,20.608
-9.6115,23.864,39.27,-51.902,18.41
-7.6309,19.097,38.477,-51.803,18.171
-5.2932,14.193,37.32,-52.57,20.172
-3.2687,10.079,36.659,-52.662,18.908
-1.2194,6.3114,35.768,-52.134,16.65
0.9214,2.924,34.725,-52.181,16.356
3.1075,-0.45425,34.12,-53.494,18.585
5.0778,-3.0749,33.001,-53.367,18.348
7.3017,-5.6071,32.092,-53.657,18.382
8.2197,-6.5698,31.894,-53.976,18.744
9.6672,-7.8701,31.417,-54.063,18.678
10.791,-8.9743,30.907,-54.061,18.091
11.967,-10.316,30.546,-54.076,18.685
12.937,-11.198,30.318,-54.105,18.271
13.553,-11.865,29.947,-54.047,18.261
14.32,-12.16,29.426,-53.735,18.019
14.505,-12.223,29.347,-53.712,17.93
14.549,-12.023,29.393,-53.581,18.144
14.247,-11.508,29.695,-53.658,18.332
13.591,-10.868,30.598,-53.905,18.595
12.695,-9.8707,31.51,-54.136,18.985
11.579,-8.3945,32.338,-54.291,19.702
10.767,-6.656,33.08,-54.722,20.305
9.2892,-4.4991,33.688,-54.884,20.918
8.6292,-2.1084,34.344,-55.933,21.968
7.2948,0.63309,34.92,-56.412,22.731
5.7363,3.4685,35.215,-55.976,21.648
5.0344,5.8541,35.042,-56.743,23.134
3.3944,9.3087,36.133,-58.294,25.309
1.3549,12.354,36.516,-57.125,25.342
-0.33923,15.538,37.146,-57.035,24.905
-1.6178,18.037,37.337,-56.665,24.897
-3.6602,21.64,37.094,-56.59,25.216
-4.7164,25.966,36.37,-56.859,24.913
-5.7315,29.346,35.717,-57.812,25.005
-7.3165,32.913,34.78,-58.083,25.271
-8.6763,35.955,34.464,-58.491,26.174
-10.255,38.785,34.372,-58.974,26.799
-10.881,40.833,34.007,-59.637,28.293
-11.879,42.676,33.982,-59.772,30.183
-12.718,44.337,34.116,-59.689,29.783
-13.57,46.118,34.03,-59.702,31.24
-14.323,48.021,34.25,-59.643,30.946
-14.304,48.978,33.361,-60.148,31.584
-14.72,48.687,33.99,-59.577,29.439
-15.108,47.333,34.584,-58.396,29.514
-14.579,45.104,34.706,-57.865,28.195
-13.736,41.874,35.133,-57.149,26.582
-12.602,38.091,35.129,-56.442,25.898
-11.613,33.961,35.628,-55.595,24.382
-10.606,29.204,35.698,-54.823,22.989
-8.7394,25.045,35.711,-53.922,22.04
-6.5301,20.581,35.952,-54.296,21.322
-4.3725,15.9,35.173,-54.416,20.961
-2.3217,11.492,34.741,-54.203,20.206
-0.18712,7.5864,34.415,-54.497,19.261
2.0611,3.7568,33.931,-54.062,18.473
4.5986,0.047534,33.305,-54.337,18.545
6.9176,-3.2367,32.683,-54.249,18.705
9.2705,-5.9498,32.329,-54.355,18.674
11.569,-8.7583,32.048,-54.37,18.623
13.52,-11.115,31.407,-54.061,18.902
16.205,-13.191,31.029,-54.023,18.728
17.408,-14.422,30.266,-53.559,18.576
19.145,-15.604,29.545,-53.119,18.344
19.615,-16.12,29,-52.746,17.785
20.575,-16.7,28.415,-52.358,17.669
20.756,-16.777,28.198,-52.403,17.309
20.707,-16.378,28.019,-52.552,17.227
20.122,-15.776,28.405,-53.129,17.871
19.361,-15.101,28.702,-53.068,18.298
18.482,-13.769,29.751,-53.757,18.491
17.638,-12.74,30.408,-54.198,18.599
16.632,-10.908,31.092,-54.259,19.023
15.347,-8.6469,32.175,-54.174,18.891
14.326,-6.3647,33.145,-54.531,19.264
13.152,-4.0233,33.775,-54.136,19.088
12.134,-1.7895,34.369,-54.059,19.151
11.081,1.2912,35.102,-54.68,19.784
9.8952,5.0722,36.046,-55.165,20.963
8.5701,8.5,36.695,-54.958,20.769
7.4689,11.669,37.387,-55.689,22.596
6.1437,14.408,37.932,-55.811,23.722
4.2457,18.151,38.608,-56.754,27.412
2.2535,22.045,38.938,-55.563,24.03
0.74233,25.248,38.86,-55.756,25.281
-0.66459,28.426,38.789,-56.385,26.66
-2.1908,31.342,38.948,-56.5,25.265
-4.0178,34.378,38.745,-56.514,25.376
-5.3676,37.007,38.221,-56.364,25.964
-6.7872,39.145,38.48,-56.338,25.471
-8.5311,41.188,38.209,-56.274,25.106
-10.1,42.816,37.561,-56.581,25.849
-12.113,43.575,37.501,-55.879,26.561
-13.906,43.989,36.904,-56.414,27.503
-15.45,43.769,36.13,-57.103,28.09
-17.121,43.679,35.64,-57.279,26.012
-18.248,42.827,34.093,-58.475,26.478
-19.569,41.823,33.565,-58.528,24.769
-20.475,39.984,32.946,-58.974,24.454
-20.513,36.924,32.759,-59.197,23.817
-20.622,34.327,32.028,-58.399,22.364
-20.258,31.349,32.226,-57.959,21.179
-18.966,28.289,32.052,-57.758,21.05
-17.428,24.964,31.98,-57.124,20.084
-15.487,21.486,31.762,-56.847,19.779
-13.51,18.099,31.736,-56.594,19.388
-11.414,14.943,31.672,-56.452,19.175
-8.9992,11.746,31.439,-55.818,18.338
-6.3888,8.7571,31.411,-56.179,18.559
-3.914,6.0167,31.283,-55.711,18.39
-1.1039,3.2365,31.293,-55.43,18.159
0.95926,1.3533,31.296,-55.386,17.667
3.4981,-0.41479,31.687,-55.552,18.06
5.6858,-2.087,32.242,-55.485,18.723
8.4176,-3.598,32.945,-55.557,19.057
10.78,-4.7261,34.001,-55.738,19.191
13.474,-5.381,34.572,-56.063,20.022
16.198,-5.7743,35.019,-55.897,20.624
18.47,-6.0613,35.903,-54.922,20.044
20.615,-6.3198,37.236,-54.776,20.417
22.501,-5.6861,37.983,-54.625,21.454
23.846,-5.0557,39.411,-54.461,21.785
24.739,-4.0999,40.78,-54.299,21.913
25.5,-2.7909,41.985,-53.87,22.239
25.715,-0.59352,42.842,-54.219,23.296
25.966,1.5576,43.667,-54.168,24.093
26.366,3.7136,44.332,-54.079,24.684
26.432,6.2623,44.72,-53.961,25.045
25.791,8.891,45.066,-54.004,25.613
24.403,11.229,45.146,-53.419,25.768
20.921,14.502,45.404,-51.468,24.342
18.324,17.308,45.2,-51.279,24.22
16.728,18.865,45.465,-50.683,23.866
13.483,21.745,45.494,-49.505,20.15
9.5912,24.902,45.307,-49.31,20.474
6.8478,27.469,44.352,-49.293,20.368
3.4539,29.824,43.742,-49.138,20.399
0.27485,31.388,42.905,-48.433,19.323
-3.9421,34.009,42.388,-48.652,18.529
-6.4012,35.003,41.2,-48.96,19.254
-8.6583,35.424,39.373,-49.755,19.613
-9.3515,35.252,38.181,-50.925,19.794
-10.061,34.322,37.314,-51.307,19.794
-10.67,33.073,36.946,-51.298,19.525
-11.081,31.006,36.42,-51.921,19.162
-11.32,28.504,35.497,-52.431,19.074
-11.608,25.228,34.746,-52.891,17.268
-11.279,22.397,34.011,-53.648,17.51
-10.668,19.593,33.438,-54.318,17.835
-9.6761,17.301,32.929,-55.052,18.204
-7.9257,14.228,32.209,-55.757,18.228
-5.8011,11.626,31.393,-55.925,18.07
-3.7026,9.5575,31.254,-56.13,18.415
-2.5826,8.5501,31.31,-56.118,18.85
-0.8329,7.1607,31.65,-55.639,17.952
0.81655,5.3807,32.361,-54.973,17.786
2.2326,4.5476,32.888,-55.001,18.005
4.0628,3.2176,32.934,-54.959,18.912
5.0924,2.4269,33.312,-55.094,18.882
6.6883,1.2398,33.836,-54.885,19.005
8.8432,-0.056625,34.402,-55.605,20.153
11.186,-0.96511,34.499,-55.764,20.812
12.893,-1.5954,35.165,-56.369,21.964
14.24,-1.8685,35.925,-56.575,22.021
15.656,-1.9812,36.67,-56.571,23.284
16.296,-1.7645,37.803,-55.127,24.028
17.336,-1.3849,39.955,-55.581,25.156
18.221,-1.0004,42.137,-55.38,26.281
19.054,-0.055975,43.74,-55.33,27.562
19.839,1.1308,45.072,-54.831,28.027
20.701,2.8016,46.271,-54.366,28.411
21.623,4.565,47.493,-54.237,28.62
21.4,7.1973,48.101,-53.8,28.67
20.632,10.156,48.187,-52.96,28.394
18.551,13.216,48.366,-51.858,27.968
16.606,15.893,48.364,-50.928,27.936
14.478,18.427,48.446,-50.465,28.07
11.976,20.936,48.546,-49.969,28.074
8.793,23.839,48.639,-49.224,26.812
6.1156,26.353,48.052,-49.759,27.585
2.3342,29.728,47.216,-50.728,27.746
-0.31913,32.513,45.816,-51.81,26.535
-2.6146,34.641,44.087,-53.351,27.148
-4.7237,36.753,42.225,-55.208,27.696
-7.7122,38.876,40.653,-56.546,28.315
-9.9542,39.757,39.144,-57.436,29.831
-11.586,40.182,37.695,-58.293,29.147
-13.265,40.324,36.481,-58.005,26.34
-14.964,39.509,35.534,-57.238,24.71
-16.048,38.085,34.9,-56.674,23.022
-16.988,36.233,35.133,-56.152,21.245
-17.207,33.534,34.686,-55.415,20.575
-17.392,30.048,34.299,-55.042,19.691
-17.185,27.042,34.034,-54.959,18.849
-16.531,23.828,33.37,-54.851,18.644
-15.131,20.605,32.816,-54.951,18.314
-13.373,17.308,32.466,-55.384,18.522
-11.72,14.62,32.049,-55.415,18.199
-9.8405,11.715,31.952,-55.163,17.575
-7.0305,8.7846,31.633,-55.401,18.435
-4.6699,6.3835,31.552,-55.629,18.131
-2.3046,4.0193,31.437,-55.42,18.258
-0.11666,1.6665,31.611,-54.887,18.136
2.4472,-0.32272,32.125,-55.429,18.462
5.0946,-2.1804,32.235,-55.113,18.094
7.1812,-3.6457,32.81,-55.165,18.513
9.0837,-5.0726,33.526,-54.712,18.272
10.803,-6.5375,34.645,-54.568,19.063
13.181,-7.745,35.951,-55.014,19.898
15.335,-8.6956,37.098,-55.01,20.043
17.338,-8.731,37.197,-54.282,20.703
19.342,-9.2534,38.51,-54.358,20.668
21.086,-9.4801,39.634,-53.88,21.024
23.128,-9.2883,40.651,-53.946,22.096
24.597,-8.6692,41.092,-53.737,22.94
26.096,-7.8623,42.488,-54.188,24.108
27.089,-6.8043,44.179,-53.614,25.27
27.591,-5.8487,45.702,-53.299,26.184
27.906,-4.4698,47.092,-53.108,27.004
28.042,-2.7638,48.276,-53.098,27.989
28.121,-0.63946,49.184,-53.008,28.718
28.217,1.5741,49.973,-52.922,29.115
27.751,4.4124,50.327,-52.892,29.345
26.868,7.2955,50.636,-52.801,29.776
25.539,10.457,50.813,-52.762,30.634
23.366,14.452,50.754,-52.711,31.376
21.517,17.933,50.411,-52.802,32.628
19.088,21.372,49.948,-52.783,33.348
15.137,25.542,49.649,-51.675,31.426
12.003,28.668,48.632,-51.946,31.978
9.077,31.334,47.679,-52.314,31.494
4.8974,34.735,46.774,-52.162,28.931
1.8476,36.137,46.021,-51.865,27.436
-1.9907,38.52,44.527,-52.289,27.771
-4.8456,39.242,43.671,-52.188,26.658
-8.672,40.283,42.828,-51.628,25.318
-12.506,40.312,41.76,-51.383,23.96
-14.38,40.083,41.058,-51.36,22.535
-16.285,39.155,39.954,-52.059,22.117
-18.114,37.179,38.062,-53.075,22.764
-19.282,35.332,37.26,-53.538,21.443
-19.535,32.877,36.452,-53.941,21.156
-19.58,31.171,35.657,-54.487,20.808
-19.303,28.961,34.555,-55.061,20.121
-18.278,25.709,33.351,-55.615,19.954
-17.063,23.035,32.729,-55.969,19.612
-15.65,20.165,32.228,-56.27,19.992
-14.31,17.43,32.233,-56.209,19.968
-12.815,14.62,32.202,-55.565,18.983
-10.978,11.806,32.415,-55.305,18.707
-8.8905,9.1562,32.404,-54.674,18.067
-6.9347,6.955,32.538,-54.27,17.524
-4.8311,4.8504,32.719,-53.601,16.793
-2.4532,2.7329,32.688,-52.755,16.668
-0.020616,0.56091,33.324,-52.337,16.222
1.9082,-0.64976,33.717,-52.329,15.88
3.9463,-1.8797,33.759,-52.441,16.337
5.9949,-2.517,33.869,-52.716,16.618
8.3621,-3.5381,34.116,-52.97,17.418
10.305,-4.4573,34.908,-52.718,17.83
12.012,-4.9114,35.673,-52.976,17.988
13.638,-5.1223,36.1,-52.646,18.06
14.26,-4.5039,36.173,-52.726,19.066
15.397,-4.4795,36.964,-52.203,18.952
16.311,-4.0969,37.469,-51.738,19
17.207,-3.2993,38.222,-51.816,19.585
17.248,-2.5164,39.137,-51.705,20.032
17.297,-1.5013,40.003,-52.402,21.042
17.048,-0.54887,40.652,-52.257,21.332
16.198,0.24024,41.399,-52.065,21.6
15.812,1.1293,42.055,-51.939,22.202
14.868,2.3397,42.795,-51.837,22.411
14.603,3.7385,43.455,-51.948,22.896
14.324,5.354,44.135,-52.268,23.648
14.364,7.1199,44.549,-52.661,24.658
14.031,8.9178,44.931,-52.925,25.651
13.206,10.589,45.514,-53.169,26.336
12.304,12.084,46.094,-53.45,27.226
11.013,13.47,46.462,-53.381,27.298
8.8044,15.49,46.668,-53.128,27.051
6.7067,17.603,46.449,-53.026,26.971
4.5215,19.164,46.325,-53.049,26.603
2.4949,20.252,45.814,-53.01,26.469
0.57461,21.087,45.406,-53.426,26.387
-1.513,22.153,44.71,-54.101,26.579
-2.852,22.665,43.799,-55.158,27.323
-4.2882,23.073,42.434,-56.478,27.73
-5.6373,23.066,41.383,-57.277,27.607
-6.5949,22.928,40.502,-57.849,27.645
-7.9914,22.458,39.244,-58.533,27.475
-9.7699,21.409,37.495,-59.355,27.333
-11.592,20.601,36.154,-58.486,24.663
-13.161,19.634,34.924,-58.623,23.379
-13.788,18.049,33.364,-58.784,23.649
-13.131,16.43,32.282,-59.024,23.657
-12.432,14.381,31.11,-59.329,23.314
-11.688,12.733,30.754,-59.049,22.334
-10.64,11.083,30.587,-58.961,22.111
-9.3082,9.3798,30.629,-57.993,20.236
-7.6586,7.5649,30.686,-58.051,20.884
-6.1751,6.2222,31.039,-56.86,18.541
-4.5403,4.2537,31.42,-55.375,17.253
-3.0633,2.598,31.902,-55.28,17.971
0.051489,0.37856,32.124,-54.8,18.725
1.5186,-0.56256,32.34,-54.179,17.576
3.8192,-1.9423,32.425,-53.83,17.361
5.9285,-2.8013,32.683,-53.759,17.696
8.0596,-3.9967,33.544,-53.94,18.493
9.87,-4.692,33.441,-53.305,19.089
11.331,-5.088,33.733,-53.399,19.343
11.901,-5.0946,33.766,-53.146,19.155
13.356,-5.149,33.884,-53.534,20.146
13.513,-4.9734,34.309,-53.717,20.251
14.353,-4.8151,34.597,-53.876,20.481
14.581,-4.5279,34.543,-53.595,20.364
14.746,-4.3029,34.83,-53.872,20.529
14.408,-3.758,34.906,-54.08,20.712
14.338,-3.5408,34.998,-54.317,20.798
13.857,-3.0628,34.889,-53.999,20.57
14.189,-2.5293,34.712,-54.188,20.438
14.855,-2.236,34.782,-54.271,20.335
14.753,-1.7751,35.035,-53.801,19.848
15.434,-1.9457,35.37,-53.264,19.393
15.718,-1.3198,35.14,-53.12,19.229
15.87,-1.1332,35.323,-52.884,19.176
15.961,-1.3936,35.887,-53.064,19.322
15.521,-1.1733,36.104,-52.813,18.708
15.139,-0.56461,36.054,-52.945,18.754
14.318,0.03239,36.27,-52.926,18.971
14.461,-0.31345,35.993,-52.299,18.611
14.448,-0.6824,36.24,-52.319,18.563
13.353,-0.21257,36.354,-51.693,18.212
12.546,-0.26912,36.542,-51.234,18.008
11.344,0.017057,36.727,-50.731,17.581
10.115,0.35133,36.857,-51.059,17.612
9.0124,0.55376,36.652,-51.599,17.845
7.8944,1.3301,36.335,-51.876,18.356
7.3849,2.0707,35.797,-52.313,18.429
6.7544,2.8939,35.386,-53.226,18.968
5.8272,3.6412,35.099,-53.735,18.809
5.2259,4.2047,34.626,-53.577,18.542
4.6505,4.6278,34.44,-53.447,18.139
4.498,4.5911,34.13,-53.927,18.37
4.1805,4.5396,34.062,-53.746,17.957
4.2191,4.5246,33.795,-53.763,17.871
4.303,4.2711,33.419,-53.654,17.513
4.5894,3.9476,33.075,-53.189,17.257
5.3282,3.1812,33.215,-53.881,18.713
6.6036,2.5354,33.369,-53.887,18.581
7.2966,1.9793,33.476,-52.593,17.853
8.413,1.5938,33.936,-51.936,17.722
9.5005,1.2406,34.925,-52.262,18.701
11.196,1.239,35.784,-52.745,19.716
12.873,1.6788,36.478,-52.465,20.018
14.602,2.7043,36.945,-51.988,20.757
16.086,3.8132,37.876,-51.738,21.389
17.376,4.8716,39.288,-51.782,22.065
18.243,5.8944,40.604,-51.984,22.969
18.439,7.6792,41.74,-52.102,23.748
18.555,9.2429,42.733,-52.033,24.133
18.452,10.792,43.791,-51.945,25.114
18.249,12.102,44.65,-52.002,26.233
17.094,13.933,44.972,-52.006,26.391
15.358,15.692,44.721,-51.843,26.25
13.385,16.781,44.256,-51.763,25.858
11.113,17.32,43.524,-51.634,25.165
8.5323,17.424,42.763,-51.5,23.834
6.0711,17.157,41.941,-51.465,22.462
4.0579,16.682,40.717,-51.616,21.364
2.4759,16.34,39.434,-50.9,18.175
0.92806,15.35,37.891,-51.723,19.111
-1.46,14.517,36.866,-51.155,18.06
-3.598,12.922,35.96,-50.429,16.662
-4.3996,11.096,34.974,-51.318,17.343
-4.6883,9.3082,33.814,-51.211,17.121
-4.0297,7.8265,32.785,-51.704,16.796
-2.8856,6.3996,31.996,-52.313,17.766
-1.9354,4.8114,31.36,-52.972,18.36
-1.0684,3.7007,31.172,-53.453,18.323
0.24956,2.6818,30.997,-52.999,18.027
1.1691,1.7877,31.222,-53.22,18.1
2.1182,0.92661,31.518,-53.185,18.008
3.7461,0.12897,31.457,-52.87,17.784
5.0119,-0.50527,31.609,-53.087,18.227
7.2817,-1.1005,31.502,-53.158,18.379
9.3538,-1.6073,31.697,-53.406,19.065
10.972,-1.6124,32.15,-52.902,18.633
13.223,-2.2289,32.873,-52.84,18.656
14.702,-2.3959,33.501,-52.509,18.589
15.907,-2.4195,33.706,-52.322,18.716
17.135,-2.4615,33.908,-52.102,18.382
17.854,-2.3733,33.769,-51.637,18.073
17.087,-2.1741,33.76,-51.985,18.628
15.836,-1.6714,34.508,-53.036,19.813
15.481,-1.5175,34.072,-53.14,19.62
14.882,-0.77358,33.688,-52.966,19.267
15.516,-0.16427,33.933,-53.345,20.864
16.122,0.18836,34.358,-52.889,20.424
17.136,-0.359,35.068,-52.935,21.461
17.419,-0.34331,35.707,-51.762,19.675
16.953,-0.18529,37.126,-51.663,21.204
16.328,0.021534,38.074,-51.352,21.375
15.825,0.45815,38.838,-50.386,20.223
16.221,0.9896,39.124,-51.05,21.561
16.753,1.9804,39.154,-50.922,22.066
17.414,3.3934,39.087,-50.801,21.708
18.198,4.5268,39.676,-50.45,20.779
19.397,5.4608,40.655,-51.119,20.57
19.361,6.5022,41.47,-51.177,20.796
18.585,7.6201,41.865,-51.196,20.611
17.69,9.0091,41.798,-51.056,20.301
16.967,9.9762,41.365,-51.322,20.511
16.187,10.834,41.237,-51.7,20.493
15.542,11.781,40.829,-52.244,20.586
14.695,12.437,40.474,-52.137,20.485
14.112,12.711,40.598,-52.172,19.891
13.489,12.933,40.246,-51.793,20.122
13.097,13.043,39.746,-52.136,21.174
13.038,13.102,39.543,-52.49,21.9
12.972,13.3,39.359,-52.448,22.026
12.695,13.272,39.475,-52.231,21.146
12.318,13.281,39.25,-52.013,21.348
12.143,13.115,39.41,-52.507,21.736
11.754,12.863,39.357,-52.634,21.531
11.28,12.65,38.928,-52.448,20.813
10.903,12.152,38.1,-52.836,20.73
11.013,11.574,37.099,-53.626,21.119
11.114,10.513,36.46,-54.889,22.556
10.674,9.5974,35.971,-53.562,19.957
11.488,8.1363,35.66,-54.002,20.367
12.312,6.6419,35.649,-53.045,19.152
13.655,4.9965,35.54,-52.789,18.16
15.097,4.2397,35.115,-53.61,19.967
16.154,3.309,35.578,-54.126,20.268
17.437,2.4459,35.783,-54.288,21.024
18.874,1.4774,36.098,-54.477,21.928
19.923,1.0161,36.511,-53.632,19.472
21.176,0.41254,36.754,-53.772,20.857
22.264,0.16266,37.058,-53.487,21.708
23.483,-0.023158,37.49,-52.989,22.372
24.524,-0.22744,38.39,-52.51,22.31
25.158,-0.085594,39.189,-51.715,22.265
25.585,0.30774,39.959,-51.392,22.416
25.283,0.74593,40.979,-49.769,20.665
25.531,1.9338,41.472,-49.608,20.854
25.193,2.4387,42.847,-50.042,21.352
24.882,3.3558,43.954,-50.479,21.571
24.257,4.0079,44.882,-50.706,22.142
22.674,5.139,45.738,-50.56,22.408
21.922,6.2555,46.19,-50.444,22.322
20.714,7.6512,46.227,-50.463,23.661
19.784,8.8837,46.254,-50.69,23.521
18.746,9.8323,46.084,-51,23.802
17.241,11.087,45.331,-51.316,24.374
15.787,11.691,44.794,-51.738,24.426
14.602,11.975,43.848,-52.595,25.066
13.839,11.997,43.057,-54.005,26.85
12.09,12.494,41.887,-55.374,26.769
10.606,12.398,40.43,-56.067,26.689
9.6219,12.059,39.544,-56.542,26.646
8.3161,11.533,38.283,-56.832,26.781
7.5931,10.658,36.883,-57.315,26.311
7.6136,9.591,36.015,-57.563,25.925
8.163,8.4088,35.464,-57.721,25.696
9.1565,7.0351,34.95,-57.61,24.763
9.7995,5.444,34.825,-57.672,24.192
10.902,3.889,34.476,-57.165,23.502
12.689,1.903,34.291,-57.594,23.859
13.97,0.74386,34.582,-57.108,23.03
15.678,-0.7203,34.887,-56.763,22.873
17.802,-2.099,35.329,-56.872,22.733
